{
  "type": "FeatureCollection",
  "generator": "overpass-turbo",
  "copyright": "The data included in this document is from www.openstreetmap.org. The data is made available under ODbL.",
  "timestamp": "2026-08-13T19:03:02Z",
  "features": [
    {
      "type": "Feature",
      "properties": {
        "@id": "way/63322681",
        "building": "train_station",
        "building:levels": "1",
        "building:part": "no",
        "internet_access": "wlan",
        "internet_access:fee": "no",
        "internet_access:ssid": "_SNCF gare-gratuit",
        "name": "Gare de Saint-Étienne Châteaucreux",
        "nohousenumber": "yes",
        "operator": "SNCF Gares & Connexions",
        "operator:wikidata": "Q3098278",
        "public_transport": "station",
        "roof:levels": "2",
        "roof:shape": "hipped",
        "source": "cadastre-dgi-fr source : Direction Générale des Impôts - Cadastre. Mise à jour : 2009",
        "tactile_paving": "contrasted",
        "wheelchair": "yes",
        "@tainted": true
      },
      "geometry": {
        "type": "LineString",
        "coordinates": [
          [
            4.3993423,
            45.4433744
          ],
          [
            4.3994388,
            45.4433575
          ],
          [
            4.3995395,
            45.4433404
          ],
          [
            4.3996249,
            45.4433373
          ],
          [
            4.3996705,
            45.4433295
          ]
        ]
      },
      "id": "way/63322681"
    },
    {
      "type": "Feature",
      "properties": {
        "@id": "way/439659705",
        "area": "yes",
        "highway": "pedestrian",
        "internet_access": "wlan",
        "internet_access:fee": "no",
        "internet_access:operator": "Ville de Saint-Étienne",
        "internet_access:ssid": "SainteWifi",
        "lit": "yes",
        "name": "Place Lucien Neuwirth",
        "surface": "paving_stones",
        "@tainted": true
      },
      "geometry": {
        "type": "LineString",
        "coordinates": [
          [
            4.3993423,
            45.4433744
          ],
          [
            4.3994388,
            45.4433575
          ],
          [
            4.3995395,
            45.4433404
          ],
          [
            4.3996249,
            45.4433373
          ],
          [
            4.3996705,
            45.4433295
          ]
        ]
      },
      "id": "way/439659705"
    },
    {
      "type": "Feature",
      "properties": {
        "@id": "relation/1000744",
        "building": "yes",
        "heritage": "3",
        "heritage:operator": "mhs",
        "mhs:inscription_date": "2003-03-28",
        "ref:mhs": "PA42000016",
        "type": "multipolygon",
        "wikidata": "Q22996898",
        "wikimedia_commons": "Category:13 rue de la République, Saint-Étienne",
        "@geometry": "center"
      },
      "geometry": {
        "type": "Point",
        "coordinates": [
          4.3907894,
          45.4390823
        ]
      },
      "id": "relation/1000744"
    },
    {
      "type": "Feature",
      "properties": {
        "@id": "relation/1000761",
        "addr:city": "Saint-Etienne",
        "addr:housenumber": "58",
        "addr:postcode": "42100",
        "addr:street": "Rue Jean Parot",
        "amenity": "university",
        "building": "school",
        "contact:website": "http://www.enise.fr/",
        "name": "École Nationale d'Ingénieurs de Saint-Étienne",
        "operator": "École Nationale d'Ingénieurs de Saint-Étienne",
        "short_name": "ENISE",
        "type": "multipolygon",
        "wikidata": "Q3578093",
        "@geometry": "center"
      },
      "geometry": {
        "type": "Point",
        "coordinates": [
          4.4215387,
          45.430172
        ]
      },
      "id": "relation/1000761"
    },
    {
      "type": "Feature",
      "properties": {
        "@id": "relation/1000783",
        "addr:housenumber": "2",
        "addr:street": "Rue Charles de Gaulle",
        "building": "public",
        "building:levels": "3",
        "contact:website": "http://www.loire.gouv.fr",
        "name": "Préfecture de la Loire",
        "name:br": "Prefeti al Liger",
        "name:fr": "Préfecture de la Loire",
        "office": "government",
        "roof:levels": "1",
        "type": "multipolygon",
        "wikidata": "Q3146082",
        "@geometry": "center"
      },
      "geometry": {
        "type": "Point",
        "coordinates": [
          4.3866672,
          45.4424152
        ]
      },
      "id": "relation/1000783"
    },
    {
      "type": "Feature",
      "properties": {
        "@id": "relation/1000838",
        "building": "university",
        "name": "E",
        "type": "multipolygon",
        "@geometry": "center"
      },
      "geometry": {
        "type": "Point",
        "coordinates": [
          4.4310517,
          45.4223272
        ]
      },
      "id": "relation/1000838"
    },
    {
      "type": "Feature",
      "properties": {
        "@id": "relation/1000852",
        "addr:housenumber": "15",
        "addr:street": "Place de l'Hôtel de Ville",
        "building": "apartments",
        "building:levels": "6",
        "heritage": "3",
        "heritage:operator": "mhs",
        "mhs:inscription_date": "1984-12-21",
        "name": "Le Grand Cercle",
        "ref:mhs": "PA00117601",
        "roof:levels": "1",
        "type": "multipolygon",
        "wikidata": "Q22967327",
        "wikimedia_commons": "Category:Le Grand Cercle (Saint Étienne)",
        "wikipedia": "fr:Immeuble Le Grand Cercle",
        "@geometry": "center"
      },
      "geometry": {
        "type": "Point",
        "coordinates": [
          4.3878242,
          45.4382795
        ]
      },
      "id": "relation/1000852"
    },
    {
      "type": "Feature",
      "properties": {
        "@id": "relation/1000870",
        "building": "university",
        "name": "Bâtiment A",
        "type": "multipolygon",
        "@geometry": "center"
      },
      "geometry": {
        "type": "Point",
        "coordinates": [
          4.4256138,
          45.4233653
        ]
      },
      "id": "relation/1000870"
    },
    {
      "type": "Feature",
      "properties": {
        "@id": "relation/1022900",
        "building": "hospital",
        "description": "Bâtiment L du CHU de Saint-Etienne",
        "name": "L",
        "ref": "L",
        "type": "multipolygon",
        "@geometry": "center"
      },
      "geometry": {
        "type": "Point",
        "coordinates": [
          4.3588031,
          45.4806172
        ]
      },
      "id": "relation/1022900"
    },
    {
      "type": "Feature",
      "properties": {
        "@id": "relation/5201020",
        "addr:housenumber": "5",
        "addr:street": "Place de l'Hôtel de Ville",
        "amenity": "townhall",
        "building": "yes",
        "building:part": "no",
        "contact:email": "courriermairie@saint-etienne.fr",
        "contact:phone": "+33 4 77 48 77 48",
        "contact:website": "http://www.saint-etienne.fr",
        "name": "Hôtel de Ville",
        "opening_hours": "Mo,We-Th 08:45-17:00; Tu 08:45-18:00; Fr 08:45-16:30; Sa-Su closed; PH closed",
        "operator": "Ville de Saint-Étienne",
        "ref:FR:SIRET": "21420218600018",
        "ref:mhs": "IA42000040",
        "type": "multipolygon",
        "wheelchair": "yes",
        "wikidata": "Q3146186",
        "wikipedia": "fr:Hôtel de ville de Saint-Étienne",
        "@geometry": "center"
      },
      "geometry": {
        "type": "Point",
        "coordinates": [
          4.3872925,
          45.4401869
        ]
      },
      "id": "relation/5201020"
    },
    {
      "type": "Feature",
      "properties": {
        "@id": "relation/6149280",
        "building": "hospital",
        "name": "Institut Cancerologique de la Loire",
        "ref": "K",
        "type": "multipolygon",
        "@geometry": "center"
      },
      "geometry": {
        "type": "Point",
        "coordinates": [
          4.3615605,
          45.480368
        ]
      },
      "id": "relation/6149280"
    },
    {
      "type": "Feature",
      "properties": {
        "@id": "relation/7970450",
        "building": "hospital",
        "name": "B",
        "ref": "B",
        "type": "multipolygon",
        "@geometry": "center"
      },
      "geometry": {
        "type": "Point",
        "coordinates": [
          4.3617396,
          45.4815509
        ]
      },
      "id": "relation/7970450"
    },
    {
      "type": "Feature",
      "properties": {
        "@id": "relation/8238630",
        "highway": "pedestrian",
        "internet_access": "wlan",
        "internet_access:fee": "no",
        "internet_access:operator": "Ville de Saint-Étienne",
        "internet_access:ssid": "SainteWifi",
        "lit": "yes",
        "name": "Place Neuve",
        "place": "square",
        "type": "multipolygon",
        "@geometry": "center"
      },
      "geometry": {
        "type": "Point",
        "coordinates": [
          4.3903922,
          45.4352031
        ]
      },
      "id": "relation/8238630"
    },
    {
      "type": "Feature",
      "properties": {
        "@id": "relation/8238635",
        "highway": "pedestrian",
        "internet_access": "wlan",
        "internet_access:fee": "no",
        "internet_access:operator": "Ville de Saint-Étienne",
        "internet_access:ssid": "SainteWifi",
        "lit": "yes",
        "name": "Place du Peuple",
        "place": "square",
        "type": "multipolygon",
        "@geometry": "center"
      },
      "geometry": {
        "type": "Point",
        "coordinates": [
          4.3882837,
          45.4363817
        ]
      },
      "id": "relation/8238635"
    },
    {
      "type": "Feature",
      "properties": {
        "@id": "relation/8238656",
        "access": "yes",
        "highway": "pedestrian",
        "internet_access": "wlan",
        "internet_access:fee": "no",
        "internet_access:operator": "Ville de Saint-Étienne",
        "internet_access:ssid": "SainteWifi",
        "lit": "yes",
        "name": "Place Chavanelle",
        "place": "square",
        "surface": "concrete",
        "type": "multipolygon",
        "@geometry": "center"
      },
      "geometry": {
        "type": "Point",
        "coordinates": [
          4.3925071,
          45.4347276
        ]
      },
      "id": "relation/8238656"
    },
    {
      "type": "Feature",
      "properties": {
        "@id": "relation/8238695",
        "name": "Place Jules Ferry",
        "place": "square",
        "source": "cadastre-dgi-fr source : Direction Générale des Impôts - Cadastre;mise à jour : 2008",
        "type": "multipolygon",
        "@geometry": "center"
      },
      "geometry": {
        "type": "Point",
        "coordinates": [
          4.3920827,
          45.4238422
        ]
      },
      "id": "relation/8238695"
    },
    {
      "type": "Feature",
      "properties": {
        "@id": "relation/12669498",
        "historic": "roman_road",
        "name": "voie romaine Saint Etienne - Puy",
        "route": "historic",
        "type": "route",
        "@geometry": "center"
      },
      "geometry": {
        "type": "Point",
        "coordinates": [
          4.3303667,
          45.4091979
        ]
      },
      "id": "relation/12669498"
    },
    {
      "type": "Feature",
      "properties": {
        "@id": "relation/15672525",
        "building": "university",
        "building:levels": "1",
        "name": "Bâtiment A",
        "type": "multipolygon",
        "@geometry": "center"
      },
      "geometry": {
        "type": "Point",
        "coordinates": [
          4.3913211,
          45.4272831
        ]
      },
      "id": "relation/15672525"
    },
    {
      "type": "Feature",
      "properties": {
        "@id": "relation/18364741",
        "addr:housenumber": "2",
        "addr:street": "Avenue Grüner",
        "alt_name": "Cité administrative de Saint-Étienne",
        "building": "public",
        "building:levels": "11",
        "name": "Cité Grüner",
        "source": "MD vu sur place",
        "type": "multipolygon",
        "@geometry": "center"
      },
      "geometry": {
        "type": "Point",
        "coordinates": [
          4.3988223,
          45.4402437
        ]
      },
      "id": "relation/18364741"
    },
    {
      "type": "Feature",
      "properties": {
        "@id": "way/28895469",
        "bicycle": "yes",
        "highway": "pedestrian",
        "name": "Rue Sainte-Catherine",
        "oneway": "yes",
        "sidewalk": "no",
        "surface": "concrete",
        "@geometry": "center"
      },
      "geometry": {
        "type": "Point",
        "coordinates": [
          4.3871408,
          45.437021
        ]
      },
      "id": "way/28895469"
    },
    {
      "type": "Feature",
      "properties": {
        "@id": "way/28895479",
        "area": "yes",
        "highway": "pedestrian",
        "internet_access": "wlan",
        "internet_access:fee": "no",
        "internet_access:operator": "Ville de Saint-Étienne",
        "internet_access:ssid": "SainteWifi",
        "lit": "yes",
        "name": "Place Dorian",
        "surface": "concrete",
        "@geometry": "center"
      },
      "geometry": {
        "type": "Point",
        "coordinates": [
          4.3885214,
          45.4381956
        ]
      },
      "id": "way/28895479"
    },
    {
      "type": "Feature",
      "properties": {
        "@id": "way/28895492",
        "bicycle": "yes",
        "cycleway": "track",
        "highway": "pedestrian",
        "lit": "no",
        "motor_vehicle": "destination",
        "name": "Allée Marcel Gonin",
        "surface": "paving_stones",
        "@geometry": "center"
      },
      "geometry": {
        "type": "Point",
        "coordinates": [
          4.3854704,
          45.450355
        ]
      },
      "id": "way/28895492"
    },
    {
      "type": "Feature",
      "properties": {
        "@id": "way/28895506",
        "area": "yes",
        "highway": "pedestrian",
        "lit": "yes",
        "name": "Place Jacquard",
        "surface": "paving_stones",
        "@geometry": "center"
      },
      "geometry": {
        "type": "Point",
        "coordinates": [
          4.3821197,
          45.4417755
        ]
      },
      "id": "way/28895506"
    },
    {
      "type": "Feature",
      "properties": {
        "@id": "way/28895550",
        "highway": "pedestrian",
        "lit": "yes",
        "name": "Rue Michel Rondet",
        "oneway": "yes",
        "psv": "yes",
        "surface": "asphalt",
        "trolley_wire": "yes",
        "@geometry": "center"
      },
      "geometry": {
        "type": "Point",
        "coordinates": [
          4.3867945,
          45.4382916
        ]
      },
      "id": "way/28895550"
    },
    {
      "type": "Feature",
      "properties": {
        "@id": "way/28895551",
        "highway": "pedestrian",
        "lit": "yes",
        "maxspeed": "30",
        "motor_vehicle": "private",
        "name": "Place Jean Jaurès",
        "oneway": "yes",
        "psv": "yes",
        "surface": "asphalt",
        "@geometry": "center"
      },
      "geometry": {
        "type": "Point",
        "coordinates": [
          4.3864933,
          45.440687
        ]
      },
      "id": "way/28895551"
    },
    {
      "type": "Feature",
      "properties": {
        "@id": "way/28895642",
        "highway": "pedestrian",
        "lit": "yes",
        "name": "Rue de la Ville",
        "surface": "concrete",
        "@geometry": "center"
      },
      "geometry": {
        "type": "Point",
        "coordinates": [
          4.3873434,
          45.4368429
        ]
      },
      "id": "way/28895642"
    },
    {
      "type": "Feature",
      "properties": {
        "@id": "way/29277744",
        "cycleway:both": "no",
        "highway": "pedestrian",
        "lit": "yes",
        "name": "Rue Pierre Bérard",
        "oneway": "yes",
        "oneway:bicycle": "no",
        "surface": "asphalt",
        "@geometry": "center"
      },
      "geometry": {
        "type": "Point",
        "coordinates": [
          4.3906129,
          45.4376212
        ]
      },
      "id": "way/29277744"
    },
    {
      "type": "Feature",
      "properties": {
        "@id": "way/29277815",
        "name": "Place Jean Plotton",
        "place": "square",
        "@geometry": "center"
      },
      "geometry": {
        "type": "Point",
        "coordinates": [
          4.3841405,
          45.4395982
        ]
      },
      "id": "way/29277815"
    },
    {
      "type": "Feature",
      "properties": {
        "@id": "way/30932370",
        "name": "Place des Pères",
        "place": "square",
        "@geometry": "center"
      },
      "geometry": {
        "type": "Point",
        "coordinates": [
          4.3852035,
          45.4337272
        ]
      },
      "id": "way/30932370"
    },
    {
      "type": "Feature",
      "properties": {
        "@id": "way/33696392",
        "bicycle": "yes",
        "cycleway:both": "no",
        "highway": "pedestrian",
        "lit": "yes",
        "maxspeed": "30",
        "motor_vehicle": "private",
        "name": "Place Jean Jaurès",
        "oneway": "yes",
        "oneway:bicycle": "no",
        "sidewalk": "both",
        "source:maxspeed": "FR:zone30",
        "surface": "asphalt",
        "@geometry": "center"
      },
      "geometry": {
        "type": "Point",
        "coordinates": [
          4.38525,
          45.4415524
        ]
      },
      "id": "way/33696392"
    },
    {
      "type": "Feature",
      "properties": {
        "@id": "way/33696393",
        "bicycle": "yes",
        "cycleway:both": "no",
        "highway": "pedestrian",
        "lit": "yes",
        "maxspeed": "30",
        "motor_vehicle": "private",
        "name": "Rue Émile Combes",
        "oneway": "yes",
        "oneway:bicycle": "no",
        "sidewalk": "both",
        "source:maxspeed": "FR:zone30",
        "surface": "asphalt",
        "@geometry": "center"
      },
      "geometry": {
        "type": "Point",
        "coordinates": [
          4.3849947,
          45.4408955
        ]
      },
      "id": "way/33696393"
    },
    {
      "type": "Feature",
      "properties": {
        "@id": "way/33958963",
        "area": "yes",
        "highway": "pedestrian",
        "name": "Square des Justes",
        "source": "cadastre-dgi-fr source : Direction Générale des Impôts - Cadastre ; mise à jour : 2013",
        "surface": "asphalt",
        "@geometry": "center"
      },
      "geometry": {
        "type": "Point",
        "coordinates": [
          4.3879745,
          45.4327786
        ]
      },
      "id": "way/33958963"
    },
    {
      "type": "Feature",
      "properties": {
        "@id": "way/40300949",
        "highway": "pedestrian",
        "name": "Allée de Tamatave",
        "@geometry": "center"
      },
      "geometry": {
        "type": "Point",
        "coordinates": [
          4.4172116,
          45.4206832
        ]
      },
      "id": "way/40300949"
    },
    {
      "type": "Feature",
      "properties": {
        "@id": "way/40377705",
        "highway": "pedestrian",
        "name": "Allée de Geltendorf",
        "@geometry": "center"
      },
      "geometry": {
        "type": "Point",
        "coordinates": [
          4.4189678,
          45.4211891
        ]
      },
      "id": "way/40377705"
    },
    {
      "type": "Feature",
      "properties": {
        "@id": "way/40579734",
        "name": "Le Petit Train",
        "railway": "miniature",
        "tourism": "attraction",
        "@geometry": "center"
      },
      "geometry": {
        "type": "Point",
        "coordinates": [
          4.4158599,
          45.4212359
        ]
      },
      "id": "way/40579734"
    },
    {
      "type": "Feature",
      "properties": {
        "@id": "way/41362238",
        "highway": "pedestrian",
        "name": "Allée de Coventry",
        "@geometry": "center"
      },
      "geometry": {
        "type": "Point",
        "coordinates": [
          4.4140119,
          45.42074
        ]
      },
      "id": "way/41362238"
    },
    {
      "type": "Feature",
      "properties": {
        "@id": "way/43865853",
        "name": "Place Saint-Roch",
        "place": "square",
        "@geometry": "center"
      },
      "geometry": {
        "type": "Point",
        "coordinates": [
          4.393357,
          45.4297142
        ]
      },
      "id": "way/43865853"
    },
    {
      "type": "Feature",
      "properties": {
        "@id": "way/44822633",
        "access": "destination",
        "bicycle": "yes",
        "foot": "yes",
        "highway": "pedestrian",
        "name": "Passage Gabriel Fauré",
        "@geometry": "center"
      },
      "geometry": {
        "type": "Point",
        "coordinates": [
          4.4063831,
          45.422807
        ]
      },
      "id": "way/44822633"
    },
    {
      "type": "Feature",
      "properties": {
        "@id": "way/44823718",
        "highway": "pedestrian",
        "lit": "yes",
        "name": "Rue des Fossés",
        "surface": "concrete",
        "@geometry": "center"
      },
      "geometry": {
        "type": "Point",
        "coordinates": [
          4.3871151,
          45.4367921
        ]
      },
      "id": "way/44823718"
    },
    {
      "type": "Feature",
      "properties": {
        "@id": "way/44823719",
        "highway": "pedestrian",
        "lit": "yes",
        "name": "Rue Basseville",
        "surface": "paving_stones",
        "@geometry": "center"
      },
      "geometry": {
        "type": "Point",
        "coordinates": [
          4.3870054,
          45.4363477
        ]
      },
      "id": "way/44823719"
    },
    {
      "type": "Feature",
      "properties": {
        "@id": "way/44824039",
        "highway": "pedestrian",
        "lit": "yes",
        "name": "Rue José Frappa",
        "name:etymology:wikidata": "Q957988",
        "source": "survey",
        "surface": "concrete",
        "@geometry": "center"
      },
      "geometry": {
        "type": "Point",
        "coordinates": [
          4.3884397,
          45.4358769
        ]
      },
      "id": "way/44824039"
    },
    {
      "type": "Feature",
      "properties": {
        "@id": "way/44824040",
        "highway": "pedestrian",
        "name": "Rue Saint-Pierre",
        "surface": "asphalt",
        "@geometry": "center"
      },
      "geometry": {
        "type": "Point",
        "coordinates": [
          4.3885908,
          45.4361415
        ]
      },
      "id": "way/44824040"
    },
    {
      "type": "Feature",
      "properties": {
        "@id": "way/44824041",
        "highway": "pedestrian",
        "name": "Rue Saint-François",
        "surface": "asphalt",
        "@geometry": "center"
      },
      "geometry": {
        "type": "Point",
        "coordinates": [
          4.3884872,
          45.4354777
        ]
      },
      "id": "way/44824041"
    },
    {
      "type": "Feature",
      "properties": {
        "@id": "way/44824042",
        "highway": "pedestrian",
        "lit": "yes",
        "name": "Rue Alsace Lorraine",
        "smoothness": "excellent",
        "surface": "asphalt",
        "@geometry": "center"
      },
      "geometry": {
        "type": "Point",
        "coordinates": [
          4.3884521,
          45.4374081
        ]
      },
      "id": "way/44824042"
    },
    {
      "type": "Feature",
      "properties": {
        "@id": "way/44838058",
        "area": "yes",
        "highway": "pedestrian",
        "name": "Place Grenette",
        "surface": "asphalt",
        "@geometry": "center"
      },
      "geometry": {
        "type": "Point",
        "coordinates": [
          4.3867864,
          45.4360688
        ]
      },
      "id": "way/44838058"
    },
    {
      "type": "Feature",
      "properties": {
        "@id": "way/44838059",
        "area": "yes",
        "highway": "pedestrian",
        "lit": "yes",
        "name": "Place des Ursules",
        "source": "cadastre-dgi-fr source : Direction Générale des Impôts - Cadastre ; mise à jour : 2008",
        "surface": "paving_stones",
        "@geometry": "center"
      },
      "geometry": {
        "type": "Point",
        "coordinates": [
          4.3875621,
          45.4352648
        ]
      },
      "id": "way/44838059"
    },
    {
      "type": "Feature",
      "properties": {
        "@id": "way/45737882",
        "highway": "pedestrian",
        "lit": "no",
        "name": "Place Joannès Merlat",
        "source": "cadastre-dgi-fr source : Direction Générale des Impôts - Cadastre. Mise à jour : 2009",
        "surface": "asphalt",
        "@geometry": "center"
      },
      "geometry": {
        "type": "Point",
        "coordinates": [
          4.381274,
          45.435012
        ]
      },
      "id": "way/45737882"
    },
    {
      "type": "Feature",
      "properties": {
        "@id": "way/45740760",
        "name": "Place des Orgues",
        "place": "square",
        "ref:FR:FANTOIR": "422186506",
        "source": "cadastre-dgi-fr source : Direction Générale des Impôts - Cadastre. Mise à jour : 2009",
        "@geometry": "center"
      },
      "geometry": {
        "type": "Point",
        "coordinates": [
          4.4402123,
          45.4329446
        ]
      },
      "id": "way/45740760"
    },
    {
      "type": "Feature",
      "properties": {
        "@id": "way/46155746",
        "highway": "pedestrian",
        "name": "Rue Denis Escoffier",
        "surface": "asphalt",
        "@geometry": "center"
      },
      "geometry": {
        "type": "Point",
        "coordinates": [
          4.3884699,
          45.4364682
        ]
      },
      "id": "way/46155746"
    },
    {
      "type": "Feature",
      "properties": {
        "@id": "way/46155751",
        "highway": "pedestrian",
        "name": "Rue Mercière",
        "source": "cadastre-dgi-fr source : Direction Générale des Impôts - Cadastre. Mise à jour : 2009",
        "surface": "asphalt",
        "@geometry": "center"
      },
      "geometry": {
        "type": "Point",
        "coordinates": [
          4.3871678,
          45.4362037
        ]
      },
      "id": "way/46155751"
    },
    {
      "type": "Feature",
      "properties": {
        "@id": "way/47097367",
        "highway": "pedestrian",
        "lit": "yes",
        "name": "Rue Camille Colard",
        "source": "cadastre-dgi-fr source : Direction Générale des Impôts - Cadastre. Mise à jour : 2009",
        "surface": "paving_stones",
        "@geometry": "center"
      },
      "geometry": {
        "type": "Point",
        "coordinates": [
          4.3891529,
          45.4379808
        ]
      },
      "id": "way/47097367"
    },
    {
      "type": "Feature",
      "properties": {
        "@id": "way/47147902",
        "highway": "pedestrian",
        "lit": "yes",
        "name": "Rue Pierre et Dominique Ponchardier",
        "ref:FR:FANTOIR": "422187242M",
        "@geometry": "center"
      },
      "geometry": {
        "type": "Point",
        "coordinates": [
          4.4024078,
          45.4281768
        ]
      },
      "id": "way/47147902"
    },
    {
      "type": "Feature",
      "properties": {
        "@id": "way/48821736",
        "highway": "pedestrian",
        "motor_vehicle": "no",
        "name": "Impasse Furettes",
        "source": "survey",
        "surface": "asphalt",
        "@geometry": "center"
      },
      "geometry": {
        "type": "Point",
        "coordinates": [
          4.3879928,
          45.4350169
        ]
      },
      "id": "way/48821736"
    },
    {
      "type": "Feature",
      "properties": {
        "@id": "way/48956856",
        "area": "yes",
        "highway": "pedestrian",
        "lit": "yes",
        "name": "Place Chapelon",
        "surface": "sett",
        "@geometry": "center"
      },
      "geometry": {
        "type": "Point",
        "coordinates": [
          4.3938353,
          45.4312657
        ]
      },
      "id": "way/48956856"
    },
    {
      "type": "Feature",
      "properties": {
        "@id": "way/48956858",
        "name": "Place Jean Grivolat",
        "place": "square",
        "ref:FR:FANTOIR": "422184890F",
        "@geometry": "center"
      },
      "geometry": {
        "type": "Point",
        "coordinates": [
          4.3922504,
          45.4332858
        ]
      },
      "id": "way/48956858"
    },
    {
      "type": "Feature",
      "properties": {
        "@id": "way/49047701",
        "addr:housenumber": "3",
        "addr:postcode": "42000",
        "addr:street": "Boulevard Maréchal Franchet d'Espèrey",
        "alt_name": "Parc Musée de la Mine",
        "fax": "+33 4 77 43 83 29",
        "fee": "yes",
        "heritage": "2",
        "heritage:operator": "mhs",
        "internet_access": "wlan",
        "internet_access:fee": "no",
        "internet_access:operator": "Ville de Saint-Étienne",
        "internet_access:ssid": "SainteWifi",
        "mhs:inscription_date": "2010-04-22",
        "name": "Musée de la Mine Site Couriot",
        "opening_hours": "Tu-Su 10:00-18:00",
        "phone": "+33 4 77 43 83 23",
        "ref:FR:museofile": "M1025",
        "ref:mhs": "PA42000039",
        "source": "cadastre-dgi-fr source : Direction Générale des Impôts - Cadastre. Mise à jour : 2010",
        "tourism": "museum",
        "website": "https://musee-mine.saint-etienne.fr/",
        "wikidata": "Q20738307",
        "wikipedia": "fr:Musée de la mine de Saint-Étienne",
        "@geometry": "center"
      },
      "geometry": {
        "type": "Point",
        "coordinates": [
          4.3763628,
          45.4382282
        ]
      },
      "id": "way/49047701"
    },
    {
      "type": "Feature",
      "properties": {
        "@id": "way/49047886",
        "addr:housenumber": "48",
        "addr:street": "Rue des Aciéries",
        "amenity": "theatre",
        "building": "yes",
        "name": "Zénith Saint-Étienne Métropole",
        "operator": "ZEN Gestion",
        "source": "cadastre-dgi-fr source : Direction Générale des Impôts - Cadastre. Mise à jour : 2010",
        "website": "https://zenith-saint-etienne.fr/",
        "wikidata": "Q3576488",
        "@geometry": "center"
      },
      "geometry": {
        "type": "Point",
        "coordinates": [
          4.3926779,
          45.4544805
        ]
      },
      "id": "way/49047886"
    },
    {
      "type": "Feature",
      "properties": {
        "@id": "way/51424950",
        "highway": "pedestrian",
        "lit": "yes",
        "maxspeed": "10",
        "motor_vehicle:conditional": "delivery @ (06:00 - 11:00)",
        "name": "Rue de la Ville",
        "oneway": "yes",
        "surface": "concrete",
        "@geometry": "center"
      },
      "geometry": {
        "type": "Point",
        "coordinates": [
          4.3870064,
          45.4365266
        ]
      },
      "id": "way/51424950"
    },
    {
      "type": "Feature",
      "properties": {
        "@id": "way/51424951",
        "highway": "pedestrian",
        "lit": "yes",
        "maxspeed": "10",
        "motor_vehicle:conditional": "delivery @ (06:00 - 11:00)",
        "name": "Rue de la Ville",
        "oneway": "yes",
        "surface": "asphalt",
        "@geometry": "center"
      },
      "geometry": {
        "type": "Point",
        "coordinates": [
          4.3862595,
          45.4362816
        ]
      },
      "id": "way/51424951"
    },
    {
      "type": "Feature",
      "properties": {
        "@id": "way/52227752",
        "access": "destination",
        "bicycle": "yes",
        "cycleway": "no",
        "highway": "pedestrian",
        "maxspeed": "30",
        "name": "Rue Léon Nautin",
        "oneway": "yes",
        "oneway:bicycle": "no",
        "surface": "sett",
        "@geometry": "center"
      },
      "geometry": {
        "type": "Point",
        "coordinates": [
          4.3890401,
          45.4347603
        ]
      },
      "id": "way/52227752"
    },
    {
      "type": "Feature",
      "properties": {
        "@id": "way/58692163",
        "internet_access": "wlan",
        "internet_access:fee": "no",
        "internet_access:operator": "Ville de Saint-Étienne",
        "internet_access:ssid": "SainteWifi",
        "name": "Place Sadi Carnot",
        "place": "square",
        "@geometry": "center"
      },
      "geometry": {
        "type": "Point",
        "coordinates": [
          4.3854118,
          45.4480272
        ]
      },
      "id": "way/58692163"
    },
    {
      "type": "Feature",
      "properties": {
        "@id": "way/63240357",
        "amenity": "social_facility",
        "building": "yes",
        "contact:city": "Saint-Étienne",
        "contact:facebook": "https://www.facebook.com/103925432321794",
        "contact:fax": "+33 4 77 79 72 35",
        "contact:housenumber": "9",
        "contact:phone": "+33 4 77 79 50 00",
        "contact:postcode": "42000",
        "contact:street": "Rue du Treyve",
        "contact:website": "https://www.korian.fr/maisons-retraite/auvergne-rhone-alpes/loire-42/saint-etienne-42000/ehpad-korian-villa-janin",
        "name": "EHPAD Villa Janin",
        "opening_hours": "Mo-Su 00:00-24:00",
        "operator": "Korian",
        "operator:wikidata": "Q3198944",
        "ref:FR:FINESS": "420793671",
        "ref:FR:RNB": "Q8QP2ZN71VKE",
        "ref:FR:SIRET": "37815842200287",
        "social_facility": "nursing_home",
        "social_facility:for": "senior",
        "source": "cadastre-dgi-fr source : Direction Générale des Impôts - Cadastre. Mise à jour : 2010",
        "type:FR:FINESS": "500",
        "website:booking": "https://korian-rdv.vyte.in/villajanin/visite-etablissement",
        "wikidata": "Q112922949",
        "@geometry": "center"
      },
      "geometry": {
        "type": "Point",
        "coordinates": [
          4.3900335,
          45.4479735
        ]
      },
      "id": "way/63240357"
    },
    {
      "type": "Feature",
      "properties": {
        "@id": "way/63240998",
        "building": "university",
        "name": "D",
        "source": "cadastre-dgi-fr source : Direction Générale des Impôts - Cadastre. Mise à jour : 2010",
        "@geometry": "center"
      },
      "geometry": {
        "type": "Point",
        "coordinates": [
          4.432481,
          45.4224346
        ]
      },
      "id": "way/63240998"
    },
    {
      "type": "Feature",
      "properties": {
        "@id": "way/63241560",
        "amenity": "place_of_worship",
        "building": "church",
        "denomination": "catholic",
        "name": "Église Notre-Dame-de-la-Paix",
        "ref:FR:CEF": "42218_02",
        "ref:clochers.org": "42218f",
        "religion": "christian",
        "source": "cadastre-dgi-fr source : Direction Générale des Impôts - Cadastre. Mise à jour : 2010",
        "wikidata": "Q38388259",
        "@geometry": "center"
      },
      "geometry": {
        "type": "Point",
        "coordinates": [
          4.3860559,
          45.4093525
        ]
      },
      "id": "way/63241560"
    },
    {
      "type": "Feature",
      "properties": {
        "@id": "way/63242454",
        "addr:housenumber": "59",
        "branch": "Saint-Étienne - Technopole",
        "brand": "France Travail",
        "brand:website": "https://www.francetravail.fr",
        "brand:wikidata": "Q8901192",
        "building": "civic",
        "government": "employment_agency",
        "name": "France Travail",
        "office": "government",
        "opening_hours": "Mo-Fr 08:30-12:30",
        "phone:FR": "3949",
        "source": "cadastre-dgi-fr source : Direction Générale des Impôts - Cadastre. Mise à jour : 2010",
        "@geometry": "center"
      },
      "geometry": {
        "type": "Point",
        "coordinates": [
          4.3928239,
          45.457667
        ]
      },
      "id": "way/63242454"
    },
    {
      "type": "Feature",
      "properties": {
        "@id": "way/63242768",
        "addr:housenumber": "40",
        "addr:street": "Rue Pointe Cadet",
        "amenity": "place_of_worship",
        "building": "chapel",
        "denomination": "catholic",
        "heritage": "3",
        "heritage:operator": "mhs",
        "mhs:inscription_date": "1979-11-07",
        "name": "Chapelle de la Charité",
        "ref:FR:RNB": "G4XZR4HWVHK5",
        "ref:mhs": "PA00117596",
        "religion": "christian",
        "source": "cadastre-dgi-fr source : Direction Générale des Impôts - Cadastre. Mise à jour : 2010",
        "wikidata": "Q22967325",
        "wikimedia_commons": "Category:Chapelle de La Charité (Saint-Étienne)",
        "wikipedia": "fr:Chapelle de la Charité de Saint-Étienne",
        "@geometry": "center"
      },
      "geometry": {
        "type": "Point",
        "coordinates": [
          4.3912212,
          45.4329854
        ]
      },
      "id": "way/63242768"
    },
    {
      "type": "Feature",
      "properties": {
        "@id": "way/63245243",
        "addr:housenumber": "10",
        "addr:postcode": "42100",
        "addr:street": "Rue Claudius Buard",
        "building": "government",
        "building:levels": "3",
        "name": "Le Continental",
        "source": "cadastre-dgi-fr source : Direction Générale des Impôts - Cadastre. Mise à jour : 2010",
        "@geometry": "center"
      },
      "geometry": {
        "type": "Point",
        "coordinates": [
          4.3955508,
          45.4218812
        ]
      },
      "id": "way/63245243"
    },
    {
      "type": "Feature",
      "properties": {
        "@id": "way/63245470",
        "alt_name": "Église de la Terrasse",
        "amenity": "place_of_worship",
        "building": "church",
        "denomination": "catholic",
        "name": "Église du Sacré-Cœur",
        "ref:FR:CEF": "42218_25",
        "religion": "christian",
        "source": "cadastre-dgi-fr source : Direction Générale des Impôts - Cadastre. Mise à jour : 2010",
        "wikidata": "Q3585984",
        "@geometry": "center"
      },
      "geometry": {
        "type": "Point",
        "coordinates": [
          4.3788402,
          45.4640704
        ]
      },
      "id": "way/63245470"
    },
    {
      "type": "Feature",
      "properties": {
        "@id": "way/63246571",
        "alt_name": "Chapelle des Capucins",
        "amenity": "place_of_worship",
        "building": "church",
        "contact:website": "https://www.notredamebonsecours.fr/",
        "denomination": "catholic",
        "name": "Chapelle Notre-Dame de Bon-Secours",
        "religion": "christian",
        "source": "cadastre-dgi-fr source : Direction Générale des Impôts - Cadastre;mise à jour : 2009",
        "wikidata": "Q60341130",
        "@geometry": "center"
      },
      "geometry": {
        "type": "Point",
        "coordinates": [
          4.3851598,
          45.4333027
        ]
      },
      "id": "way/63246571"
    },
    {
      "type": "Feature",
      "properties": {
        "@id": "way/63246804",
        "amenity": "place_of_worship",
        "building": "church",
        "denomination": "catholic",
        "name": "Église Sainte-Marguerite",
        "ref:FR:CEF": "42218_19",
        "ref:FR:RNB": "5NZPSB8JMK5K",
        "religion": "christian",
        "source": "cadastre-dgi-fr source : Direction Générale des Impôts - Cadastre. Mise à jour : 2010",
        "wikidata": "Q38522294",
        "@geometry": "center"
      },
      "geometry": {
        "type": "Point",
        "coordinates": [
          4.4188741,
          45.434646
        ]
      },
      "id": "way/63246804"
    },
    {
      "type": "Feature",
      "properties": {
        "@id": "way/63248299",
        "amenity": "place_of_worship",
        "building": "yes",
        "denomination": "jehovahs_witness",
        "name": "Salle du Royaume des Témoins de Jéhovah",
        "religion": "christian",
        "source": "cadastre-dgi-fr source : Direction Générale des Impôts - Cadastre. Mise à jour : 2010",
        "@geometry": "center"
      },
      "geometry": {
        "type": "Point",
        "coordinates": [
          4.3854949,
          45.4178562
        ]
      },
      "id": "way/63248299"
    },
    {
      "type": "Feature",
      "properties": {
        "@id": "way/63251404",
        "building": "university",
        "name": "H",
        "source": "cadastre-dgi-fr source : Direction Générale des Impôts - Cadastre. Mise à jour : 2010",
        "@geometry": "center"
      },
      "geometry": {
        "type": "Point",
        "coordinates": [
          4.4309368,
          45.4227893
        ]
      },
      "id": "way/63251404"
    },
    {
      "type": "Feature",
      "properties": {
        "@id": "way/63251874",
        "building": "university",
        "name": "DSI",
        "source": "cadastre-dgi-fr source : Direction Générale des Impôts - Cadastre. Mise à jour : 2010",
        "@geometry": "center"
      },
      "geometry": {
        "type": "Point",
        "coordinates": [
          4.4250243,
          45.4239867
        ]
      },
      "id": "way/63251874"
    },
    {
      "type": "Feature",
      "properties": {
        "@id": "way/63252931",
        "addr:housenumber": "20",
        "addr:street": "Rue Franklin",
        "alt_name": "EHPAD Bel Horizon",
        "amenity": "social_facility",
        "building": "yes",
        "fax": "+33477490019",
        "name": "Résidence personnes agées Bel Horizon",
        "operator": "Ville de Saint-Étienne",
        "phone": "+33 4 77 49 00 15",
        "ref:FR:FINESS": "420009029",
        "ref:FR:RNB": "1W8DA8AM8RKD",
        "ref:FR:SIRET": "21420218601776",
        "social_facility": "nursing_home",
        "social_facility:for": "senior",
        "source": "cadastre-dgi-fr source : Direction Générale des Impôts - Cadastre;mise à jour : 2008;cadastre-dgi-fr source : Direction Générale des Impôts - Cadastre. Mise à jour : 2010",
        "type:FR:FINESS": "500",
        "wikidata": "Q112997694",
        "@geometry": "center"
      },
      "geometry": {
        "type": "Point",
        "coordinates": [
          4.3859295,
          45.4304429
        ]
      },
      "id": "way/63252931"
    },
    {
      "type": "Feature",
      "properties": {
        "@id": "way/63253210",
        "building": "industrial",
        "name": "Banc d'épreuve",
        "operator": "CCI",
        "source": "cadastre-dgi-fr source : Direction Générale des Impôts - Cadastre. Mise à jour : 2010",
        "wikidata": "Q28041524",
        "@geometry": "center"
      },
      "geometry": {
        "type": "Point",
        "coordinates": [
          4.4127519,
          45.4633645
        ]
      },
      "id": "way/63253210"
    },
    {
      "type": "Feature",
      "properties": {
        "@id": "way/63254175",
        "amenity": "place_of_worship",
        "building": "church",
        "denomination": "reformed",
        "heritage": "3",
        "heritage:operator": "mhs",
        "mhs:inscription_date": "2010-10-04",
        "name": "Temple de Saint-Étienne",
        "ref:mhs": "PA42000038",
        "reformed": "Église Réformée de France",
        "religion": "christian",
        "source": "cadastre-dgi-fr source : Direction Générale des Impôts - Cadastre. Mise à jour : 2010",
        "wikidata": "Q22996920",
        "wikimedia_commons": "Category:Temple protestant de Saint-Étienne",
        "wikipedia": "fr:Temple protestant de Saint-Étienne",
        "@geometry": "center"
      },
      "geometry": {
        "type": "Point",
        "coordinates": [
          4.3831125,
          45.4392104
        ]
      },
      "id": "way/63254175"
    },
    {
      "type": "Feature",
      "properties": {
        "@id": "way/63255126",
        "amenity": "place_of_worship",
        "building": "church",
        "denomination": "catholic",
        "name": "Église Saint-Roch",
        "ref:FR:CEF": "42218_16",
        "ref:clochers.org": "42218v",
        "religion": "christian",
        "source": "cadastre-dgi-fr source : Direction Générale des Impôts - Cadastre. Mise à jour : 2010",
        "wikidata": "Q60291021",
        "@geometry": "center"
      },
      "geometry": {
        "type": "Point",
        "coordinates": [
          4.3934581,
          45.4293078
        ]
      },
      "id": "way/63255126"
    },
    {
      "type": "Feature",
      "properties": {
        "@id": "way/63255155",
        "building": "public",
        "building:levels": "4",
        "government": "tax",
        "name": "Direction départementale des finances publiques de la Loire",
        "office": "government",
        "opening_hours:signed": "no",
        "source": "cadastre-dgi-fr source : Direction Générale des Impôts - Cadastre. Mise à jour : 2010",
        "@geometry": "center"
      },
      "geometry": {
        "type": "Point",
        "coordinates": [
          4.385419,
          45.4378341
        ]
      },
      "id": "way/63255155"
    },
    {
      "type": "Feature",
      "properties": {
        "@id": "way/63255361",
        "building": "apartments",
        "building:levels": "4",
        "heritage": "3",
        "heritage:operator": "mhs",
        "mhs:inscription_date": "2007-07-04",
        "name": "Hôtel Bernou de Rochetaillée",
        "ref:mhs": "PA42000031",
        "roof:levels": "0",
        "source": "cadastre-dgi-fr source : Direction Générale des Impôts - Cadastre. Mise à jour : 2010",
        "source:heritage": "Ministère de la Culture - 06/2019",
        "wikidata": "Q22996910",
        "wikimedia_commons": "Category:Hôtel Bernou de la Rochetaillée",
        "wikipedia": "fr:Hôtel Bernou de Rochetaillée",
        "@geometry": "center"
      },
      "geometry": {
        "type": "Point",
        "coordinates": [
          4.3883162,
          45.4370681
        ]
      },
      "id": "way/63255361"
    },
    {
      "type": "Feature",
      "properties": {
        "@id": "way/63255585",
        "building": "hospital",
        "name": "L",
        "source": "cadastre-dgi-fr source : Direction Générale des Impôts - Cadastre. Mise à jour : 2010",
        "@geometry": "center"
      },
      "geometry": {
        "type": "Point",
        "coordinates": [
          4.3918127,
          45.4323373
        ]
      },
      "id": "way/63255585"
    },
    {
      "type": "Feature",
      "properties": {
        "@id": "way/63256442",
        "amenity": "place_of_worship",
        "building": "church",
        "contact:phone": "+33 6 68 43 65 30",
        "contact:website": "https://local.churchofjesuschrist.org/fr/fr/saint-etienne/4-rue-de-robinson",
        "denomination": "mormon",
        "name": "L'Église de Jésus-Christ des Saints des Derniers Jours",
        "religion": "christian",
        "@geometry": "center"
      },
      "geometry": {
        "type": "Point",
        "coordinates": [
          4.4088915,
          45.4372241
        ]
      },
      "id": "way/63256442"
    },
    {
      "type": "Feature",
      "properties": {
        "@id": "way/63257043",
        "building": "yes",
        "man_made": "chimney",
        "source": "cadastre-dgi-fr source : Direction Générale des Impôts - Cadastre. Mise à jour : 2010",
        "@geometry": "center"
      },
      "geometry": {
        "type": "Point",
        "coordinates": [
          4.4048711,
          45.4729654
        ]
      },
      "id": "way/63257043"
    },
    {
      "type": "Feature",
      "properties": {
        "@id": "way/63258434",
        "alt_name": "Église de Tardy",
        "amenity": "place_of_worship",
        "building": "church",
        "denomination": "catholic",
        "name": "Église Notre-Dame-de-Lourdes",
        "ref:clochers.org": "42218k",
        "religion": "christian",
        "source": "cadastre-dgi-fr source : Direction Générale des Impôts - Cadastre. Mise à jour : 2010",
        "wikidata": "Q60385390",
        "@geometry": "center"
      },
      "geometry": {
        "type": "Point",
        "coordinates": [
          4.3816794,
          45.4284718
        ]
      },
      "id": "way/63258434"
    },
    {
      "type": "Feature",
      "properties": {
        "@id": "way/63258574",
        "amenity": "place_of_worship",
        "building": "church",
        "denomination": "catholic",
        "heritage": "3",
        "heritage:operator": "mhs",
        "mhs:inscription_date": "1949-12-29",
        "name": "Église Notre-Dame de Valbenoite",
        "ref:clochers.org": "42218ae",
        "ref:mhs": "PA00117599",
        "religion": "christian",
        "source": "cadastre-dgi-fr source : Direction Générale des Impôts - Cadastre. Mise à jour : 2010",
        "wikidata": "Q1776198",
        "wikimedia_commons": "Category:Église Notre-Dame de Valbenoîte",
        "wikipedia": "fr:Église Notre-Dame de Valbenoîte",
        "@geometry": "center"
      },
      "geometry": {
        "type": "Point",
        "coordinates": [
          4.3990372,
          45.4216335
        ]
      },
      "id": "way/63258574"
    },
    {
      "type": "Feature",
      "properties": {
        "@id": "way/63259975",
        "alt_name": "Hôtel Jullien-Chomat de Villeneuve",
        "building": "yes",
        "heritage": "3",
        "heritage:operator": "mhs",
        "mhs:inscription_date": "1967-01-17",
        "name": "Hôtel de Villeneuve",
        "ref:FR:RNB": "RRTMFJWW43H7",
        "ref:mhs": "PA00117600",
        "source": "cadastre-dgi-fr source : Direction Générale des Impôts - Cadastre. Mise à jour : 2010",
        "wikidata": "Q22967326",
        "wikimedia_commons": "Category:Hôtel de Villeneuve (Saint-Étienne)",
        "wikipedia": "fr:Hôtel de Villeneuve (Saint-Étienne)",
        "@geometry": "center"
      },
      "geometry": {
        "type": "Point",
        "coordinates": [
          4.3888936,
          45.4354416
        ]
      },
      "id": "way/63259975"
    },
    {
      "type": "Feature",
      "properties": {
        "@id": "way/63260065",
        "building": "apartments",
        "building:levels": "5",
        "heritage": "3",
        "heritage:operator": "mhs",
        "mhs:inscription_date": "2007-07-04",
        "name": "Immeuble Morin",
        "ref:mhs": "PA42000033",
        "source": "cadastre-dgi-fr source : Direction Générale des Impôts - Cadastre. Mise à jour : 2010",
        "wikidata": "Q22996913",
        "wikimedia_commons": "Category:Immeuble Morin, Saint-Étienne",
        "@geometry": "center"
      },
      "geometry": {
        "type": "Point",
        "coordinates": [
          4.3915202,
          45.4375903
        ]
      },
      "id": "way/63260065"
    },
    {
      "type": "Feature",
      "properties": {
        "@id": "way/63261122",
        "amenity": "place_of_worship",
        "building": "church",
        "name": "Église Saint-Curé-d'Ars",
        "ref:clochers.org": "42218ad",
        "religion": "christian",
        "source": "cadastre-dgi-fr source : Direction Générale des Impôts - Cadastre. Mise à jour : 2010",
        "wikidata": "Q38492168",
        "@geometry": "center"
      },
      "geometry": {
        "type": "Point",
        "coordinates": [
          4.410363,
          45.430644
        ]
      },
      "id": "way/63261122"
    },
    {
      "type": "Feature",
      "properties": {
        "@id": "way/63261991",
        "addr:housenumber": "18",
        "addr:street": "Rue Bergson",
        "building": "college",
        "building:levels": "3",
        "heritage": "3",
        "heritage:operator": "mhs",
        "mhs:inscription_date": "2006-03-20",
        "name": "Ancienne Manufacture d'Armes",
        "ref:FR:RNB": "55C815TMRW3K",
        "ref:mhs": "PA42000025",
        "roof:levels": "1",
        "roof:shape": "hipped",
        "source": "cadastre-dgi-fr source : Direction Générale des Impôts - Cadastre. Mise à jour : 2010",
        "wikidata": "Q3287029",
        "wikimedia_commons": "Category:Manufacture Nationale d'Armes de Saint-Étienne",
        "wikipedia": "fr:Manufacture d'armes de Saint-Étienne",
        "@geometry": "center"
      },
      "geometry": {
        "type": "Point",
        "coordinates": [
          4.3855965,
          45.4503536
        ]
      },
      "id": "way/63261991"
    },
    {
      "type": "Feature",
      "properties": {
        "@id": "way/63262322",
        "addr:housenumber": "25",
        "addr:street": "Rue Lamartine",
        "amenity": "social_facility",
        "building": "yes",
        "fax": "+33477914105",
        "name": "Résidence Lamartine",
        "phone": "+33 4 77 91 41 00",
        "ref:FR:FINESS": "420784092",
        "ref:FR:RNB": "PDDWAQREPSRN",
        "ref:FR:SIRET": "77640253900030",
        "social_facility": "nursing_home",
        "social_facility:for": "senior",
        "source": "cadastre-dgi-fr source : Direction Générale des Impôts - Cadastre. Mise à jour : 2010",
        "type:FR:FINESS": "500",
        "wikidata": "Q112998048",
        "@geometry": "center"
      },
      "geometry": {
        "type": "Point",
        "coordinates": [
          4.3807032,
          45.4488354
        ]
      },
      "id": "way/63262322"
    },
    {
      "type": "Feature",
      "properties": {
        "@id": "way/63262348",
        "addr:city": "Saint-Etienne",
        "addr:housenumber": "1",
        "addr:postcode": "42000",
        "addr:street": "Avenue de Verdun",
        "alt_name": "Ehpad Korian Bergson",
        "amenity": "social_facility",
        "building": "yes",
        "building:levels": "5",
        "contact:facebook": "https://www.facebook.com/102173678708270",
        "contact:fax": "+33 4 77 91 59 54",
        "contact:phone": "+33 4 77 91 59 50",
        "contact:website": "https://www.korian.fr/maisons-retraite/auvergne-rhone-alpes/loire-42/saint-etienne-42000/ehpad-korian-bergson",
        "name": "Résidence Bergson",
        "opening_hours": "Mo-Su 00:00-24:00",
        "operator": "Korian",
        "operator:type": "private",
        "operator:wikidata": "Q3198944",
        "ref:FR:FINESS": "420011645",
        "ref:FR:RNB": "WASX438RWX1X",
        "ref:FR:SIRET": "34117411800420",
        "social_facility": "nursing_home",
        "social_facility:for": "senior",
        "source": "Le ministère des solidarités et de la santé - 03/2019",
        "type:FR:FINESS": "500",
        "website:booking": "https://korian-rdv.vyte.in/bergson/visite-etablissement",
        "wikidata": "Q112922948",
        "@geometry": "center"
      },
      "geometry": {
        "type": "Point",
        "coordinates": [
          4.3801669,
          45.4629927
        ]
      },
      "id": "way/63262348"
    },
    {
      "type": "Feature",
      "properties": {
        "@id": "way/63262609",
        "alt_name": "Chalet de Bizillon",
        "architect": "Auguste Bossu",
        "architect:wikidata": "Q2871075",
        "architect:wikipedia": "fr:Auguste_Bossu",
        "building": "apartments",
        "building:levels": "7",
        "heritage": "3",
        "heritage:operator": "mhs",
        "mhs:inscription_date": "1989-02-21",
        "name": "Maison sans escalier",
        "ref:FR:RNB": "WWE6NKQ86WMC",
        "ref:mhs": "PA00117687",
        "source": "cadastre-dgi-fr source : Direction Générale des Impôts - Cadastre. Mise à jour : 2010",
        "start_date": "1941",
        "wikidata": "Q3280376",
        "wikipedia": "fr:Maisons sans escalier",
        "@geometry": "center"
      },
      "geometry": {
        "type": "Point",
        "coordinates": [
          4.3907011,
          45.4227878
        ]
      },
      "id": "way/63262609"
    },
    {
      "type": "Feature",
      "properties": {
        "@id": "way/63262968",
        "addr:city": "Saint-Étienne",
        "addr:housenumber": "7",
        "addr:street": "Rue Élise Gervais",
        "amenity": "place_of_worship",
        "building": "church",
        "denomination": "catholic",
        "heritage": "3",
        "heritage:operator": "mhs",
        "mhs:inscription_date": "1994-08-17",
        "name": "Église Sainte-Marie",
        "ref:FR:CEF": "42218_20",
        "ref:clochers.org": "42218d",
        "ref:mhs": "PA00132819",
        "religion": "christian",
        "source": "cadastre-dgi-fr source : Direction Générale des Impôts - Cadastre. Mise à jour : 2010",
        "wikidata": "Q22975719",
        "wikimedia_commons": "Category:Église Sainte-Marie (Saint-Étienne)",
        "wikipedia": "fr:Église Sainte-Marie de Saint-Étienne",
        "@geometry": "center"
      },
      "geometry": {
        "type": "Point",
        "coordinates": [
          4.3924903,
          45.4386691
        ]
      },
      "id": "way/63262968"
    },
    {
      "type": "Feature",
      "properties": {
        "@id": "way/63263781",
        "addr:housenumber": "21",
        "addr:street": "Rue Docteur Paul Michelon",
        "amenity": "library",
        "building": "university",
        "building:levels": "2",
        "name": "Bibliothèque universitaire sciences",
        "phone": "+33 4 77 48 15 94",
        "smoking": "no",
        "source": "cadastre-dgi-fr source : Direction Générale des Impôts - Cadastre. Mise à jour : 2010",
        "wheelchair": "yes",
        "@geometry": "center"
      },
      "geometry": {
        "type": "Point",
        "coordinates": [
          4.4262684,
          45.4240257
        ]
      },
      "id": "way/63263781"
    },
    {
      "type": "Feature",
      "properties": {
        "@id": "way/63263836",
        "amenity": "place_of_worship",
        "building": "yes",
        "name": "Chapelle de l'Immaculée Conception",
        "religion": "christian",
        "source": "cadastre-dgi-fr source : Direction Générale des Impôts - Cadastre. Mise à jour : 2010",
        "@geometry": "center"
      },
      "geometry": {
        "type": "Point",
        "coordinates": [
          4.3799445,
          45.4422542
        ]
      },
      "id": "way/63263836"
    },
    {
      "type": "Feature",
      "properties": {
        "@id": "way/63263921",
        "building": "apartments",
        "building:levels": "4",
        "heritage": "3",
        "heritage:operator": "mhs",
        "mhs:inscription_date": "2007-07-04",
        "name": "L'immeuble Fontaney",
        "ref:mhs": "PA42000029",
        "roof:levels": "1",
        "source": "cadastre-dgi-fr source : Direction Générale des Impôts - Cadastre. Mise à jour : 2010",
        "start_date": "1902",
        "wikidata": "Q22996907",
        "wikimedia_commons": "Category:Immeuble Fontaney, Saint-Étienne",
        "@geometry": "center"
      },
      "geometry": {
        "type": "Point",
        "coordinates": [
          4.3906944,
          45.4377993
        ]
      },
      "id": "way/63263921"
    },
    {
      "type": "Feature",
      "properties": {
        "@id": "way/63264674",
        "amenity": "place_of_worship",
        "building": "church",
        "denomination": "catholic",
        "name": "Église Sainte-Thérèse",
        "ref:FR:CEF": "42218_21",
        "religion": "christian",
        "source": "cadastre-dgi-fr source : Direction Générale des Impôts - Cadastre ; mise à jour : 2009",
        "wikidata": "Q38566726",
        "@geometry": "center"
      },
      "geometry": {
        "type": "Point",
        "coordinates": [
          4.4133191,
          45.4215241
        ]
      },
      "id": "way/63264674"
    },
    {
      "type": "Feature",
      "properties": {
        "@id": "way/63264704",
        "building": "university",
        "building:levels": "2",
        "name": "Bâtiment G",
        "operator": "Université Jean Monnet - Site Tréfilerie",
        "source": "cadastre-dgi-fr source : Direction Générale des Impôts - Cadastre. Mise à jour : 2010",
        "@geometry": "center"
      },
      "geometry": {
        "type": "Point",
        "coordinates": [
          4.391237,
          45.4263895
        ]
      },
      "id": "way/63264704"
    },
    {
      "type": "Feature",
      "properties": {
        "@id": "way/63265624",
        "addr:housenumber": "25",
        "addr:street": "Place Boivin",
        "alt_name": "Grand'Église",
        "amenity": "place_of_worship",
        "building": "church",
        "denomination": "catholic",
        "heritage": "3",
        "heritage:operator": "mhs",
        "mhs:inscription_date": "1949-12-29",
        "name": "Église Saint-Laurent-Saint-Étienne",
        "ref:mhs": "PA00117598",
        "religion": "christian",
        "source": "cadastre-dgi-fr source : Direction Générale des Impôts - Cadastre. Mise à jour : 2010",
        "wikidata": "Q3113428",
        "wikimedia_commons": "Category:Grand'Église",
        "wikipedia": "fr:Grand'Église de Saint-Étienne",
        "@geometry": "center"
      },
      "geometry": {
        "type": "Point",
        "coordinates": [
          4.3859025,
          45.4364242
        ]
      },
      "id": "way/63265624"
    },
    {
      "type": "Feature",
      "properties": {
        "@id": "way/63265841",
        "building": "university",
        "name": "C",
        "source": "cadastre-dgi-fr source : Direction Générale des Impôts - Cadastre. Mise à jour : 2010",
        "@geometry": "center"
      },
      "geometry": {
        "type": "Point",
        "coordinates": [
          4.4319292,
          45.4228583
        ]
      },
      "id": "way/63265841"
    },
    {
      "type": "Feature",
      "properties": {
        "@id": "way/63268095",
        "building": "water_tower",
        "building:levels": "5",
        "man_made": "water_tower",
        "source": "cadastre-dgi-fr source : Direction Générale des Impôts - Cadastre. Mise à jour : 2010",
        "@geometry": "center"
      },
      "geometry": {
        "type": "Point",
        "coordinates": [
          4.3936626,
          45.4611304
        ]
      },
      "id": "way/63268095"
    },
    {
      "type": "Feature",
      "properties": {
        "@id": "way/63268979",
        "addr:city": "Saint-Étienne",
        "addr:housenumber": "29",
        "addr:postcode": "42100",
        "addr:street": "Cours Fauriel",
        "amenity": "social_facility",
        "building": "yes",
        "fax": "+33477478081",
        "name": "Résidence Fauriel",
        "operator": "Emeis",
        "phone": "+33 4 77 47 80 80",
        "ref:FR:FINESS": "420791337",
        "ref:FR:SIRET": "40125156600105",
        "social_facility": "nursing_home",
        "social_facility:for": "senior",
        "source": "cadastre-dgi-fr source : Direction Générale des Impôts - Cadastre. Mise à jour : 2010",
        "type:FR:FINESS": "500",
        "website": "https://www.emeis.fr/maison-de-retraite-les-serianes-saint-etienne-42",
        "wikidata": "Q112998276",
        "@geometry": "center"
      },
      "geometry": {
        "type": "Point",
        "coordinates": [
          4.3999174,
          45.4284136
        ]
      },
      "id": "way/63268979"
    },
    {
      "type": "Feature",
      "properties": {
        "@id": "way/63271959",
        "addr:housenumber": "1",
        "addr:postcode": "42028",
        "addr:street": "Avenue Jacquemond",
        "amenity": "social_facility",
        "building": "yes",
        "fax": "+33477740190",
        "name": "EHPAD Saint-Vincent de Paul",
        "phone": "+33 4 77 74 23 15",
        "ref:FR:FINESS": "420782633",
        "ref:FR:SIRET": "77560258400028",
        "social_facility": "nursing_home",
        "social_facility:for": "senior",
        "source": "cadastre-dgi-fr source : Direction Générale des Impôts - Cadastre. Mise à jour : 2010",
        "toilets:wheelchair": "yes",
        "type:FR:FINESS": "500",
        "website": "https://www.lesmaisonsderetraite.fr/maison-de-retraite-medicalisee-ehpad/42-loire-42000-st-etienne-residence-st-vincent-de-paul-4159.htm",
        "wheelchair": "yes",
        "wikidata": "Q112923647",
        "@geometry": "center"
      },
      "geometry": {
        "type": "Point",
        "coordinates": [
          4.3781288,
          45.4492432
        ]
      },
      "id": "way/63271959"
    },
    {
      "type": "Feature",
      "properties": {
        "@id": "way/63273302",
        "building": "apartments",
        "building:levels": "4",
        "heritage": "3",
        "heritage:operator": "mhs",
        "mhs:inscription_date": "2007-07-04",
        "name": "Immeuble Michoudet",
        "ref:mhs": "PA42000032",
        "roof:levels": "1",
        "source": "cadastre-dgi-fr source : Direction Générale des Impôts - Cadastre. Mise à jour : 2010",
        "start_date": "1904",
        "wikidata": "Q22996912",
        "wikimedia_commons": "Category:Immeuble Michoudet",
        "@geometry": "center"
      },
      "geometry": {
        "type": "Point",
        "coordinates": [
          4.3900417,
          45.4375292
        ]
      },
      "id": "way/63273302"
    },
    {
      "type": "Feature",
      "properties": {
        "@id": "way/63275866",
        "addr:city": "Saint-Étienne",
        "addr:housenumber": "158",
        "addr:postcode": "42100",
        "addr:street": "Cours Fauriel",
        "building": "yes",
        "contact:email": "larotonde@mines-stetienne.fr",
        "contact:phone": "+33 4 77 42 02 78",
        "fee": "yes",
        "museum": "science",
        "name": "La Rotonde",
        "source": "cadastre-dgi-fr source : Direction Générale des Impôts - Cadastre. Mise à jour : 2010",
        "tourism": "museum",
        "website": "https://www.larotonde-sciences.com/",
        "wikidata": "Q3212448",
        "@geometry": "center"
      },
      "geometry": {
        "type": "Point",
        "coordinates": [
          4.4078115,
          45.4233704
        ]
      },
      "id": "way/63275866"
    },
    {
      "type": "Feature",
      "properties": {
        "@id": "way/63278097",
        "addr:city": "Saint-Étienne",
        "addr:housenumber": "10",
        "addr:postcode": "42000",
        "addr:street": "Rue des Aciéries",
        "building": "yes",
        "contact:phone": "+33 4 77 33 28 93",
        "fee": "no",
        "name": "Ceysson & Bénétière",
        "source": "cadastre-dgi-fr source : Direction Générale des Impôts - Cadastre. Mise à jour : 2010",
        "tourism": "gallery",
        "website": "https://www.ceyssonbenetiere.com/fr/locations/12/saint-etienne-aceries",
        "@geometry": "center"
      },
      "geometry": {
        "type": "Point",
        "coordinates": [
          4.3921801,
          45.4523629
        ]
      },
      "id": "way/63278097"
    },
    {
      "type": "Feature",
      "properties": {
        "@id": "way/63279249",
        "amenity": "place_of_worship",
        "building": "yes",
        "contact:website": "http://www.zen-saint-etienne.fr",
        "denomination": "zen",
        "name": "Dojo Zen de Saint-Étienne",
        "religion": "buddhist",
        "source": "cadastre-dgi-fr source : Direction Générale des Impôts - Cadastre. Mise à jour : 2014",
        "@geometry": "center"
      },
      "geometry": {
        "type": "Point",
        "coordinates": [
          4.3770035,
          45.4563019
        ]
      },
      "id": "way/63279249"
    },
    {
      "type": "Feature",
      "properties": {
        "@id": "way/63280034",
        "amenity": "place_of_worship",
        "building": "church",
        "denomination": "catholic",
        "name": "Église Sainte-Claire",
        "ref:FR:CEF": "42218_18",
        "ref:clochers.org": "42311",
        "religion": "christian",
        "source": "cadastre-dgi-fr source : Direction Générale des Impôts - Cadastre. Mise à jour : 2010",
        "wikidata": "Q38509963",
        "@geometry": "center"
      },
      "geometry": {
        "type": "Point",
        "coordinates": [
          4.40249,
          45.4720573
        ]
      },
      "id": "way/63280034"
    },
    {
      "type": "Feature",
      "properties": {
        "@id": "way/63281257",
        "architect": "Léon Lamaizière",
        "building": "yes",
        "disused:shop": "yes",
        "heritage": "3",
        "heritage:operator": "mhs",
        "mhs:inscription_date": "2007-06-27",
        "name": "Les Nouvelles Galeries",
        "ref:mhs": "PA42000028",
        "source": "cadastre-dgi-fr source : Direction Générale des Impôts - Cadastre. Mise à jour : 2010",
        "wikidata": "Q3345248",
        "wikimedia_commons": "Category:Immeuble - 15 rue Gambetta (Saint-Étienne)",
        "wikipedia": "fr:Nouvelles Galeries (Saint-Étienne)",
        "@geometry": "center"
      },
      "geometry": {
        "type": "Point",
        "coordinates": [
          4.3889059,
          45.4341125
        ]
      },
      "id": "way/63281257"
    },
    {
      "type": "Feature",
      "properties": {
        "@id": "way/63284719",
        "addr:housenumber": "61",
        "addr:street": "Rue Franklin",
        "amenity": "social_facility",
        "building": "residential",
        "building:levels": "3",
        "fax": "+33477495699",
        "name": "Centre de long séjour Sainte-Elisabeth",
        "phone": "+33 4 77 49 56 56",
        "ref:FR:FINESS": "420011769",
        "social_facility": "nursing_home",
        "social_facility:for": "senior",
        "source": "cadastre-dgi-fr source : Direction Générale des Impôts - Cadastre. Mise à jour : 2025;Le ministère des solidarités et de la santé - 03/2019",
        "type:FR:FINESS": "500",
        "website": "http://stetienne.pallianet.org/",
        "wikidata": "Q112997747",
        "@geometry": "center"
      },
      "geometry": {
        "type": "Point",
        "coordinates": [
          4.3848486,
          45.4317147
        ]
      },
      "id": "way/63284719"
    },
    {
      "type": "Feature",
      "properties": {
        "@id": "way/63284848",
        "addr:housenumber": "1",
        "addr:street": "Allée Amilcare Cipriani",
        "amenity": "social_facility",
        "building": "yes",
        "fax": "+33477921799",
        "name": "EHPAD La Sarrazinière",
        "operator": "Armée du Salut",
        "operator:type": "charitable",
        "operator:wikidata": "Q188307",
        "phone": "+33 4 77 92 17 92",
        "ref:FR:FINESS": "420782625",
        "ref:FR:SIRET": "43196860100622",
        "social_facility": "nursing_home",
        "social_facility:for": "senior",
        "source": "cadastre-dgi-fr source : Direction Générale des Impôts - Cadastre. Mise à jour : 2010",
        "type:FR:FINESS": "500",
        "website": "https://www.armeedusalut.fr/etablissements/lasarraziniere",
        "wikidata": "Q112997966",
        "@geometry": "center"
      },
      "geometry": {
        "type": "Point",
        "coordinates": [
          4.4065297,
          45.4594492
        ]
      },
      "id": "way/63284848"
    },
    {
      "type": "Feature",
      "properties": {
        "@id": "way/63288593",
        "amenity": "theatre",
        "building": "yes",
        "contact:email": "comedie@lacomedie.fr",
        "contact:phone": "+33 4 77 25 14 14",
        "name": "La Comédie de Saint-Étienne",
        "ref:FR:SIRET": "58450437700022",
        "source": "cadastre-dgi-fr source : Direction Générale des Impôts - Cadastre. Mise à jour : 2010",
        "website": "https://www.lacomedie.fr/",
        "wikidata": "Q2991547",
        "wikipedia": "fr:Comédie de Saint-Étienne",
        "@geometry": "center"
      },
      "geometry": {
        "type": "Point",
        "coordinates": [
          4.391736,
          45.451777
        ]
      },
      "id": "way/63288593"
    },
    {
      "type": "Feature",
      "properties": {
        "@id": "way/63288612",
        "building": "university",
        "name": "Bâtiment C",
        "source": "cadastre-dgi-fr source : Direction Générale des Impôts - Cadastre. Mise à jour : 2010",
        "@geometry": "center"
      },
      "geometry": {
        "type": "Point",
        "coordinates": [
          4.4265181,
          45.4227832
        ]
      },
      "id": "way/63288612"
    },
    {
      "type": "Feature",
      "properties": {
        "@id": "way/63290765",
        "building": "university",
        "building:levels": "3",
        "name": "Bâtiment E",
        "operator": "Université Jean Monnet - Site Tréfilerie",
        "ref": "E",
        "source": "cadastre-dgi-fr source : Direction Générale des Impôts - Cadastre. Mise à jour : 2010",
        "@geometry": "center"
      },
      "geometry": {
        "type": "Point",
        "coordinates": [
          4.3914038,
          45.4257735
        ]
      },
      "id": "way/63290765"
    },
    {
      "type": "Feature",
      "properties": {
        "@id": "way/63291111",
        "amenity": "place_of_worship",
        "building": "church",
        "denomination": "catholic",
        "name": "Église Saint-André de Côte Chaude",
        "ref:FR:CEF": "42218_05",
        "religion": "christian",
        "source": "cadastre-dgi-fr source : Direction Générale des Impôts - Cadastre. Mise à jour : 2010",
        "wikidata": "Q38414452",
        "@geometry": "center"
      },
      "geometry": {
        "type": "Point",
        "coordinates": [
          4.3631245,
          45.4449464
        ]
      },
      "id": "way/63291111"
    },
    {
      "type": "Feature",
      "properties": {
        "@id": "way/63291167",
        "amenity": "place_of_worship",
        "building": "church",
        "denomination": "catholic",
        "heritage": "3",
        "heritage:operator": "mhs",
        "mhs:inscription_date": "2008-05-14",
        "name": "Église Saint-François",
        "ref:FR:CEF": "42218_09",
        "ref:mhs": "PA42000027",
        "religion": "christian",
        "source": "cadastre-dgi-fr source : Direction Générale des Impôts - Cadastre. Mise à jour : 2010",
        "wikidata": "Q22996906",
        "wikimedia_commons": "Category:Église Saint-François-Régis de Saint-Étienne",
        "wikipedia": "fr:Église Saint-François-Régis de Saint-Étienne",
        "@geometry": "center"
      },
      "geometry": {
        "type": "Point",
        "coordinates": [
          4.4024321,
          45.4395908
        ]
      },
      "id": "way/63291167"
    },
    {
      "type": "Feature",
      "properties": {
        "@id": "way/63293832",
        "addr:housenumber": "17",
        "addr:street": "Rue Antoine Poyet",
        "amenity": "social_facility",
        "building": "yes",
        "fax": "+33477955499",
        "name": "Résidence Les Cèdres",
        "operator": "Ville de Saint-Étienne",
        "phone": "+33477957493",
        "ref:FR:FINESS": "420784175",
        "ref:FR:SIRET": "21420218601990",
        "social_facility": "nursing_home",
        "social_facility:for": "senior",
        "source": "cadastre-dgi-fr source : Direction Générale des Impôts - Cadastre. Mise à jour : 2010",
        "type:FR:FINESS": "500",
        "wikidata": "Q112998051",
        "@geometry": "center"
      },
      "geometry": {
        "type": "Point",
        "coordinates": [
          4.4337037,
          45.4281946
        ]
      },
      "id": "way/63293832"
    },
    {
      "type": "Feature",
      "properties": {
        "@id": "way/63295441",
        "addr:housenumber": "86",
        "addr:street": "Rue Vaillant-Couturier",
        "amenity": "community_centre",
        "building": "civic",
        "name": "Amicale Laïque de Tardy",
        "opening_hours:signed": "no",
        "source": "cadastre-dgi-fr source : Direction Générale des Impôts - Cadastre. Mise à jour : 2010",
        "website": "https://amicalelaiquetardy.fr/",
        "wheelchair": "limited",
        "wheelchair:description": "Ascenseur côté Rue Vaillant-Couturier mais souvent en panne. Cuisine pas accessible.",
        "@geometry": "center"
      },
      "geometry": {
        "type": "Point",
        "coordinates": [
          4.3840171,
          45.4282946
        ]
      },
      "id": "way/63295441"
    },
    {
      "type": "Feature",
      "properties": {
        "@id": "way/63295715",
        "building": "hospital",
        "name": "Hôpital de jour d'addictologie",
        "ref": "5 bis",
        "ref:FR:NAF": "8720B",
        "source": "cadastre-dgi-fr source : Direction Générale des Impôts - Cadastre. Mise à jour : 2010",
        "@geometry": "center"
      },
      "geometry": {
        "type": "Point",
        "coordinates": [
          4.3931156,
          45.4117212
        ]
      },
      "id": "way/63295715"
    },
    {
      "type": "Feature",
      "properties": {
        "@id": "way/63295953",
        "building": "university",
        "building:levels": "2",
        "name": "Bâtiment M",
        "operator": "Université Jean Monnet - Site Tréfilerie",
        "source": "cadastre-dgi-fr source : Direction Générale des Impôts - Cadastre. Mise à jour : 2010",
        "@geometry": "center"
      },
      "geometry": {
        "type": "Point",
        "coordinates": [
          4.3915266,
          45.4261092
        ]
      },
      "id": "way/63295953"
    },
    {
      "type": "Feature",
      "properties": {
        "@id": "way/63296332",
        "addr:city": "Saint-Etienne",
        "addr:housenumber": "32",
        "addr:postcode": "42000",
        "addr:street": "Rue du Soleil",
        "amenity": "social_facility",
        "building": "yes",
        "fax": "+33477438960",
        "name": "MAPAD Le Soleil",
        "operator": "Mutualité de la Loire",
        "phone": "+33 4 77 43 89 69",
        "ref:FR:FINESS": "420793424",
        "ref:FR:SIRET": "77560243600252",
        "social_facility": "nursing_home",
        "social_facility:for": "senior",
        "source": "cadastre-dgi-fr source : Direction Générale des Impôts - Cadastre. Mise à jour : 2010",
        "type:FR:FINESS": "500",
        "wikidata": "Q112921636",
        "@geometry": "center"
      },
      "geometry": {
        "type": "Point",
        "coordinates": [
          4.4014766,
          45.4525034
        ]
      },
      "id": "way/63296332"
    },
    {
      "type": "Feature",
      "properties": {
        "@id": "way/63297029",
        "amenity": "place_of_worship",
        "building": "church",
        "denomination": "catholic",
        "heritage:operator": "mhs",
        "name": "Église de la Nativité",
        "ref:mhs": "IA42000169",
        "religion": "christian",
        "source": "cadastre-dgi-fr source : Direction Générale des Impôts - Cadastre. Mise à jour : 2010",
        "wikidata": "Q38371398",
        "@geometry": "center"
      },
      "geometry": {
        "type": "Point",
        "coordinates": [
          4.38857,
          45.444567
        ]
      },
      "id": "way/63297029"
    },
    {
      "type": "Feature",
      "properties": {
        "@id": "way/63297150",
        "building": "chapel",
        "name": "Sainte-Chapelle",
        "source": "cadastre-dgi-fr source : Direction Générale des Impôts - Cadastre. Mise à jour : 2010",
        "@geometry": "center"
      },
      "geometry": {
        "type": "Point",
        "coordinates": [
          4.4043219,
          45.4203041
        ]
      },
      "id": "way/63297150"
    },
    {
      "type": "Feature",
      "properties": {
        "@id": "way/63297224",
        "alt_name": "Conservatoire à rayonnement régional de Saint-Étienne",
        "amenity": "arts_centre",
        "building": "public",
        "building:levels": "3",
        "contact:phone": "+33 4 77 49 65 30",
        "name": "Conservatoire Jules Massenet",
        "operator": "Ville de Saint-Étienne",
        "source": "cadastre-dgi-fr source : Direction Générale des Impôts - Cadastre. Mise à jour : 2010",
        "website": "https://conservatoire.saint-etienne.fr/",
        "wikidata": "Q2994587",
        "wikipedia": "fr:Conservatoire à rayonnement régional de Saint-Étienne",
        "@geometry": "center"
      },
      "geometry": {
        "type": "Point",
        "coordinates": [
          4.3955119,
          45.4303997
        ]
      },
      "id": "way/63297224"
    },
    {
      "type": "Feature",
      "properties": {
        "@id": "way/63297496",
        "addr:housenumber": "11",
        "addr:street": "Rue des Creuses",
        "architect": "Auguste Bossu",
        "building": "apartments",
        "building:levels": "8",
        "heritage": "3",
        "heritage:operator": "mhs",
        "mhs:inscription_date": "2003-03-28",
        "name": "Immeuble moderne",
        "ref:mhs": "PA42000017",
        "source": "cadastre-dgi-fr source : Direction Générale des Impôts - Cadastre. Mise à jour : 2010",
        "source:heritage": "Ministère de la Culture - 2023-01",
        "wikidata": "Q22996899",
        "wikimedia_commons": "Category:Immeuble Moderne (Saint-Étienne)",
        "wikipedia": "fr:Immeuble moderne d'Auguste Bossu",
        "@geometry": "center"
      },
      "geometry": {
        "type": "Point",
        "coordinates": [
          4.3900824,
          45.4326248
        ]
      },
      "id": "way/63297496"
    },
    {
      "type": "Feature",
      "properties": {
        "@id": "way/63297601",
        "addr:housename": "Commissariat Central",
        "addr:housenumber": "99 Bis",
        "addr:postcode": "42100",
        "addr:street": "Cours Fauriel",
        "building": "public",
        "building:levels": "6",
        "name": "Commissariat Central",
        "roof:shape": "flat",
        "source": "cadastre-dgi-fr source : Direction Générale des Impôts - Cadastre. Mise à jour : 2010",
        "@geometry": "center"
      },
      "geometry": {
        "type": "Point",
        "coordinates": [
          4.4092213,
          45.4232877
        ]
      },
      "id": "way/63297601"
    },
    {
      "type": "Feature",
      "properties": {
        "@id": "way/63297667",
        "building": "university",
        "name": "Bâtiment J",
        "source": "cadastre-dgi-fr source : Direction Générale des Impôts - Cadastre. Mise à jour : 2010",
        "@geometry": "center"
      },
      "geometry": {
        "type": "Point",
        "coordinates": [
          4.4246136,
          45.4244669
        ]
      },
      "id": "way/63297667"
    },
    {
      "type": "Feature",
      "properties": {
        "@id": "way/63298896",
        "building": "yes",
        "historic": "yes",
        "source": "cadastre-dgi-fr source : Direction Générale des Impôts - Cadastre. Mise à jour : 2010",
        "@geometry": "center"
      },
      "geometry": {
        "type": "Point",
        "coordinates": [
          4.3761453,
          45.4386603
        ]
      },
      "id": "way/63298896"
    },
    {
      "type": "Feature",
      "properties": {
        "@id": "way/63299632",
        "building": "university",
        "name": "A",
        "source": "cadastre-dgi-fr source : Direction Générale des Impôts - Cadastre. Mise à jour : 2010",
        "@geometry": "center"
      },
      "geometry": {
        "type": "Point",
        "coordinates": [
          4.4314409,
          45.4232671
        ]
      },
      "id": "way/63299632"
    },
    {
      "type": "Feature",
      "properties": {
        "@id": "way/63300316",
        "addr:city": "Saint-Etienne",
        "addr:housenumber": "12",
        "addr:postcode": "42000",
        "addr:street": "Rue Calixte Ploton",
        "amenity": "place_of_worship",
        "building": "yes",
        "name": "Mosquée El-Fattah",
        "religion": "muslim",
        "source": "cadastre-dgi-fr source : Direction Générale des Impôts - Cadastre. Mise à jour : 2010",
        "@geometry": "center"
      },
      "geometry": {
        "type": "Point",
        "coordinates": [
          4.3755321,
          45.435064
        ]
      },
      "id": "way/63300316"
    },
    {
      "type": "Feature",
      "properties": {
        "@id": "way/63300869",
        "addr:housenumber": "5",
        "addr:street": "Place Anatole France",
        "alt_name": "L'immeuble David",
        "building": "apartments",
        "building:levels": "5",
        "heritage": "3",
        "heritage:operator": "mhs",
        "mhs:inscription_date": "1991-04-29",
        "name": "Le Palais Mimard",
        "ref:mhs": "PA00117701",
        "source": "cadastre-dgi-fr source : Direction Générale des Impôts - Cadastre. Mise à jour : 2010",
        "source:heritage": "Ministère de la Culture - 2023-01",
        "wikidata": "Q22967445",
        "wikimedia_commons": "Category:Palais Mimard",
        "wikipedia": "fr:Palais Mimard",
        "@geometry": "center"
      },
      "geometry": {
        "type": "Point",
        "coordinates": [
          4.3901578,
          45.4311508
        ]
      },
      "id": "way/63300869"
    },
    {
      "type": "Feature",
      "properties": {
        "@id": "way/63301515",
        "addr:city": "Saint-Étienne",
        "addr:housenumber": "10",
        "addr:postcode": "42100",
        "addr:street": "Rue Tréfilerie",
        "alt_name": "GATE LSE",
        "building": "university",
        "building:levels": "1",
        "name": "Groupe d'Analyse et de Théorie Economique Lyon Saint-Étienne",
        "office": "research",
        "operator": "Université Jean Monnet",
        "operator_1": "Université de Lyon",
        "short_name": "GATE L-SE",
        "source": "cadastre-dgi-fr source : Direction Générale des Impôts - Cadastre. Mise à jour : 2010",
        "website": "https://www.univ-st-etienne.fr/fr/gate-lse.html",
        "@geometry": "center"
      },
      "geometry": {
        "type": "Point",
        "coordinates": [
          4.3921854,
          45.4248694
        ]
      },
      "id": "way/63301515"
    },
    {
      "type": "Feature",
      "properties": {
        "@id": "way/63301597",
        "man_made": "chimney",
        "source": "cadastre-dgi-fr source : Direction Générale des Impôts - Cadastre. Mise à jour : 2010",
        "@geometry": "center"
      },
      "geometry": {
        "type": "Point",
        "coordinates": [
          4.3998287,
          45.403801
        ]
      },
      "id": "way/63301597"
    },
    {
      "type": "Feature",
      "properties": {
        "@id": "way/63301732",
        "addr:city": "Saint-Etienne",
        "addr:housenumber": "28",
        "addr:postcode": "42000",
        "addr:street": "Rue Denis Épitalon",
        "amenity": "social_facility",
        "building": "yes",
        "check_date": "2024-12-15",
        "fax": "+33477320632",
        "name": "EHPAD Ma Maison",
        "operator": "Les petites soeurs des pauvres",
        "phone": "+33477322040",
        "ref:FR:FINESS": "420785388",
        "ref:FR:SIRET": "34155367500016",
        "social_facility": "nursing_home",
        "social_facility:for": "senior",
        "source": "cadastre-dgi-fr source : Direction Générale des Impôts - Cadastre. Mise à jour : 2010",
        "type:FR:FINESS": "500",
        "wikidata": "Q112998125",
        "@geometry": "center"
      },
      "geometry": {
        "type": "Point",
        "coordinates": [
          4.3796073,
          45.4301696
        ]
      },
      "id": "way/63301732"
    },
    {
      "type": "Feature",
      "properties": {
        "@id": "way/63302020",
        "addr:city": "Saint-Étienne",
        "addr:housenumber": "4",
        "addr:postcode": "42100",
        "addr:street": "Rue de Champagne",
        "amenity": "social_facility",
        "building": "yes",
        "fax": "+33 4 77 80 59 77",
        "name": "Résidence mutualiste Bernadette",
        "phone": "+33 4 77 57 28 62",
        "ref:FR:FINESS": "420784019",
        "ref:FR:SIRET": "77560243600427",
        "social_facility": "nursing_home",
        "social_facility:for": "senior",
        "source": "cadastre-dgi-fr source : Direction Générale des Impôts - Cadastre. Mise à jour : 2010",
        "type:FR:FINESS": "500",
        "wikidata": "Q112940513",
        "@geometry": "center"
      },
      "geometry": {
        "type": "Point",
        "coordinates": [
          4.3982062,
          45.42004
        ]
      },
      "id": "way/63302020"
    },
    {
      "type": "Feature",
      "properties": {
        "@id": "way/63302340",
        "building": "university",
        "building:levels": "2",
        "name": "Bâtiment F",
        "operator": "Université Jean Monnet - Site Tréfilerie",
        "source": "cadastre-dgi-fr source : Direction Générale des Impôts - Cadastre. Mise à jour : 2010",
        "@geometry": "center"
      },
      "geometry": {
        "type": "Point",
        "coordinates": [
          4.3920082,
          45.4258357
        ]
      },
      "id": "way/63302340"
    },
    {
      "type": "Feature",
      "properties": {
        "@id": "way/63302575",
        "building": "apartments",
        "building:levels": "5",
        "heritage": "3",
        "heritage:operator": "mhs",
        "mhs:inscription_date": "2007-06-27",
        "name": "Hôtel des Ingénieurs",
        "ref:mhs": "PA42000030",
        "roof:levels": "1",
        "source": "cadastre-dgi-fr source : Direction Générale des Impôts - Cadastre. Mise à jour : 2010",
        "source:heritage": "Ministère de la Culture - 2023-01",
        "wikidata": "Q22996908",
        "wikimedia_commons": "Category:Hôtel des Ingénieurs (Saint-Étienne)",
        "wikipedia": "fr:Hôtel des Ingénieurs",
        "@geometry": "center"
      },
      "geometry": {
        "type": "Point",
        "coordinates": [
          4.3893817,
          45.4372121
        ]
      },
      "id": "way/63302575"
    },
    {
      "type": "Feature",
      "properties": {
        "@id": "way/63302684",
        "amenity": "place_of_worship",
        "building": "yes",
        "denomination": "catholic",
        "name": "Église Notre-Dame",
        "ref:clochers.org": "42218a",
        "religion": "christian",
        "source": "cadastre-dgi-fr source : Direction Générale des Impôts - Cadastre. Mise à jour : 2010",
        "wikidata": "Q3580658",
        "wikipedia": "fr:Église Notre-Dame de Saint-Étienne",
        "@geometry": "center"
      },
      "geometry": {
        "type": "Point",
        "coordinates": [
          4.3920497,
          45.4355437
        ]
      },
      "id": "way/63302684"
    },
    {
      "type": "Feature",
      "properties": {
        "@id": "way/63303051",
        "addr:housenumber": "3",
        "addr:street": "Rue Javelin Pagnon",
        "alt_name": "Cité du Design",
        "building": "yes",
        "name": "La Platine",
        "operator": "Cité du Design",
        "operator:wikidata": "Q2974804",
        "source": "cadastre-dgi-fr source : Direction Générale des Impôts - Cadastre. Mise à jour : 2010",
        "tourism": "museum",
        "wikipedia": "fr:Cité du design (Saint-Étienne)",
        "@geometry": "center"
      },
      "geometry": {
        "type": "Point",
        "coordinates": [
          4.3852111,
          45.4502985
        ]
      },
      "id": "way/63303051"
    },
    {
      "type": "Feature",
      "properties": {
        "@id": "way/63303094",
        "alt_name": "Demeure Chamoncel",
        "building": "house",
        "building:levels": "4",
        "heritage": "2",
        "heritage:operator": "mhs",
        "historic": "building",
        "mhs:inscription_date": "1998-11-17",
        "name": "Maison de François Ier",
        "operator": "Ville de Saint-Étienne",
        "ref:mhs": "PA00117603",
        "source": "cadastre-dgi-fr source : Direction Générale des Impôts - Cadastre. Mise à jour : 2010",
        "source:heritage": "data.gouv.fr, Ministère de la Culture - 2016",
        "start_date": "C16",
        "wikidata": "Q22967329",
        "wikimedia_commons": "Category:Maison François Ier (Saint-Étienne)",
        "wikipedia": "fr:Maison de François Ier (Saint-Étienne)",
        "@geometry": "center"
      },
      "geometry": {
        "type": "Point",
        "coordinates": [
          4.3855761,
          45.4360885
        ]
      },
      "id": "way/63303094"
    },
    {
      "type": "Feature",
      "properties": {
        "@id": "way/63303532",
        "amenity": "place_of_worship",
        "building": "yes",
        "check_date": "2025-01-27",
        "name": "Temple antoiniste",
        "religion": "antoinist",
        "source": "cadastre-dgi-fr source : Direction Générale des Impôts - Cadastre. Mise à jour : 2010",
        "@geometry": "center"
      },
      "geometry": {
        "type": "Point",
        "coordinates": [
          4.3765107,
          45.4569021
        ]
      },
      "id": "way/63303532"
    },
    {
      "type": "Feature",
      "properties": {
        "@id": "way/63303610",
        "addr:housenumber": "1",
        "addr:street": "Rue des Docteurs Charcot",
        "air_conditioning": "yes",
        "building": "retail",
        "name": "Centre Deux",
        "ref:FR:SIRET": "56210021401318",
        "shop": "mall",
        "source": "cadastre-dgi-fr source : Direction Générale des Impôts - Cadastre. Mise à jour : 2010",
        "website": "https://centre-deux.klepierre.fr/",
        "wheelchair": "yes",
        "wikidata": "Q2944805",
        "@geometry": "center"
      },
      "geometry": {
        "type": "Point",
        "coordinates": [
          4.3941866,
          45.4231055
        ]
      },
      "id": "way/63303610"
    },
    {
      "type": "Feature",
      "properties": {
        "@id": "way/63303654",
        "addr:street": "Rue Pierre Poty",
        "building": "public",
        "contact:phone": "+33 4 77 80 41 23",
        "contact:website": "https://www.saint-etienne.fr/annuaire-general/piscine-pierre-poty",
        "leisure": "sports_centre",
        "name": "Piscine Pierre Poty",
        "opening_hours": "2026 Jun 21-2026 Aug 31 closed",
        "source": "cadastre-dgi-fr source : Direction Générale des Impôts - Cadastre ; mise à jour : 2008",
        "sport": "swimming",
        "@geometry": "center"
      },
      "geometry": {
        "type": "Point",
        "coordinates": [
          4.3887674,
          45.4204181
        ]
      },
      "id": "way/63303654"
    },
    {
      "type": "Feature",
      "properties": {
        "@id": "way/63304466",
        "building": "chapel",
        "disused:amenity": "place_of_worship",
        "name": "Église Saint-Marc",
        "source": "cadastre-dgi-fr source : Direction Générale des Impôts - Cadastre. Mise à jour : 2010",
        "wikidata": "Q60387558",
        "@geometry": "center"
      },
      "geometry": {
        "type": "Point",
        "coordinates": [
          4.3947051,
          45.4674145
        ]
      },
      "id": "way/63304466"
    },
    {
      "type": "Feature",
      "properties": {
        "@id": "way/63304963",
        "building": "university",
        "name": "Bâtiment B",
        "source": "cadastre-dgi-fr source : Direction Générale des Impôts - Cadastre. Mise à jour : 2010",
        "@geometry": "center"
      },
      "geometry": {
        "type": "Point",
        "coordinates": [
          4.4259533,
          45.4228619
        ]
      },
      "id": "way/63304963"
    },
    {
      "type": "Feature",
      "properties": {
        "@id": "way/63305240",
        "building": "yes",
        "castle_type": "stately",
        "historic": "castle",
        "name": "Château de la Roche",
        "source": "cadastre-dgi-fr source : Direction Générale des Impôts - Cadastre. Mise à jour : 2010",
        "@geometry": "center"
      },
      "geometry": {
        "type": "Point",
        "coordinates": [
          4.4284668,
          45.4195524
        ]
      },
      "id": "way/63305240"
    },
    {
      "type": "Feature",
      "properties": {
        "@id": "way/63305269",
        "building": "university",
        "heritage": "3",
        "heritage:operator": "mhs",
        "loc_name": "Ancienne école des Beaux-Arts",
        "mhs:inscription_date": "2013-12-12",
        "ref:mhs": "PA42000042",
        "source": "cadastre-dgi-fr source : Direction Générale des Impôts - Cadastre. Mise à jour : 2010",
        "source:heritage": "Ministère de la Culture - 2023-01",
        "wikidata": "Q22996924",
        "wikipedia": "fr:École des beaux-arts de Saint-Étienne",
        "@geometry": "center"
      },
      "geometry": {
        "type": "Point",
        "coordinates": [
          4.3864706,
          45.4345351
        ]
      },
      "id": "way/63305269"
    },
    {
      "type": "Feature",
      "properties": {
        "@id": "way/63305534",
        "amenity": "theatre",
        "building": "yes",
        "contact:phone": "+33 4 77 47 83 40",
        "internet_access": "wlan",
        "internet_access:fee": "no",
        "internet_access:operator": "Ville de Saint-Étienne",
        "internet_access:ssid": "SainteWifi",
        "name": "Opéra de Saint-Étienne",
        "old_name": "Opéra Théâtre de Saint-Étienne",
        "ref:FR:SIRET": "21420218602253",
        "source": "cadastre-dgi-fr source : Direction Générale des Impôts - Cadastre. Mise à jour : 2010",
        "website": "https://opera.saint-etienne.fr/",
        "wikidata": "Q3354530",
        "@geometry": "center"
      },
      "geometry": {
        "type": "Point",
        "coordinates": [
          4.3978567,
          45.4337756
        ]
      },
      "id": "way/63305534"
    },
    {
      "type": "Feature",
      "properties": {
        "@id": "way/63306030",
        "alt_name": "Clinique mutualiste de Bellevue",
        "amenity": "hospital",
        "building": "hospital",
        "email": "clinique-mutualiste@mutualite-loire.com",
        "emergency": "yes",
        "fax": "+33 4 77 48 10 20",
        "healthcare": "hospital",
        "healthcare:speciality": "intensive",
        "name": "Clinique mutualiste chirurgicale",
        "operator": "Mutualité française Loire - Haute-Loire - Puy-de-Dôme",
        "operator:type": "private",
        "phone": "+33 4 77 12 12 12",
        "ref:FR:FINESS": "420010050",
        "ref:FR:SIRET": "77560243600369",
        "source": "cadastre-dgi-fr source : Direction Générale des Impôts - Cadastre. Mise à jour : 2010",
        "type:FR:FINESS": "365",
        "website": "https://www.mutualite.fr/services/trouver-un-service-de-sante/clinique-mutualiste-chirurgicale-saint-etienne-cedex/",
        "@geometry": "center"
      },
      "geometry": {
        "type": "Point",
        "coordinates": [
          4.394414,
          45.4144011
        ]
      },
      "id": "way/63306030"
    },
    {
      "type": "Feature",
      "properties": {
        "@id": "way/63308936",
        "building": "yes",
        "image": "https://commons.wikimedia.org/wiki/File:Couriot-Puit-chevalement.jpg",
        "man_made": "mineshaft",
        "name": "Chevalement du Puit Couriot",
        "source": "cadastre-dgi-fr source : Direction Générale des Impôts - Cadastre. Mise à jour : 2010",
        "wikimedia_commons": "Category:Chevalement, Puits Couriot",
        "@geometry": "center"
      },
      "geometry": {
        "type": "Point",
        "coordinates": [
          4.3769248,
          45.4376757
        ]
      },
      "id": "way/63308936"
    },
    {
      "type": "Feature",
      "properties": {
        "@id": "way/63310757",
        "amenity": "place_of_worship",
        "building": "church",
        "denomination": "catholic",
        "name": "Église Saint-Augustin",
        "religion": "christian",
        "@geometry": "center"
      },
      "geometry": {
        "type": "Point",
        "coordinates": [
          4.393753,
          45.4185647
        ]
      },
      "id": "way/63310757"
    },
    {
      "type": "Feature",
      "properties": {
        "@id": "way/63310809",
        "amenity": "place_of_worship",
        "building": "church",
        "check_date": "2026-04-27",
        "denomination": "catholic",
        "name": "Église Saint-Jean-Baptiste",
        "ref:FR:CEF": "42218_10",
        "religion": "christian",
        "source": "cadastre-dgi-fr source : Direction Générale des Impôts - Cadastre. Mise à jour : 2010",
        "wikidata": "Q38632647",
        "@geometry": "center"
      },
      "geometry": {
        "type": "Point",
        "coordinates": [
          4.3807813,
          45.4477931
        ]
      },
      "id": "way/63310809"
    },
    {
      "type": "Feature",
      "properties": {
        "@id": "way/63313017",
        "amenity": "arts_centre",
        "building": "house",
        "building:levels": "4",
        "heritage": "3",
        "heritage:operator": "mhs",
        "mhs:inscription_date": "1982-02-05",
        "name": "Le Mouton à 5 Pattes",
        "ref:FR:SIRET": "32723130400038",
        "ref:mhs": "PA00117604",
        "source": "cadastre-dgi-fr source : Direction Générale des Impôts - Cadastre. Mise à jour : 2010",
        "wikidata": "Q22967331",
        "wikimedia_commons": "File:Saint-Étienne maison 4 rue du Théâtre.JPG",
        "@geometry": "center"
      },
      "geometry": {
        "type": "Point",
        "coordinates": [
          4.3856405,
          45.4359734
        ]
      },
      "id": "way/63313017"
    },
    {
      "type": "Feature",
      "properties": {
        "@id": "way/63313024",
        "addr:city": "Saint-Étienne",
        "addr:housenumber": "26-28",
        "addr:postcode": "42000",
        "addr:street": "Rue de Molina",
        "amenity": "social_facility",
        "building": "yes",
        "check_date": "2025-03-24",
        "contact:facebook": "https://www.facebook.com/111635710294716",
        "contact:fax": "+33477937425",
        "contact:phone": "+33 4 77 02 02 80",
        "contact:website": "https://www.korian.fr/maisons-retraite/auvergne-rhone-alpes/loire-42/saint-etienne-42000/ehpad-korian-l-astree",
        "name": "EHPAD L'Astrée",
        "opening_hours": "Mo-Su 00:00-24:00",
        "operator": "korian",
        "operator:type": "private",
        "operator:wikidata": "Q3198944",
        "ref:FR:FINESS": "420003659",
        "ref:FR:SIRET": "42121627600442",
        "social_facility": "nursing_home",
        "social_facility:for": "senior",
        "source": "cadastre-dgi-fr source : Direction Générale des Impôts - Cadastre. Mise à jour : 2010",
        "type:FR:FINESS": "500",
        "website:booking": "https://korian-rdv.vyte.in/lastree/visite-etablissement",
        "wikidata": "Q112922946",
        "@geometry": "center"
      },
      "geometry": {
        "type": "Point",
        "coordinates": [
          4.4005422,
          45.4652653
        ]
      },
      "id": "way/63313024"
    },
    {
      "type": "Feature",
      "properties": {
        "@id": "way/63313083",
        "addr:housenumber": "21",
        "addr:street": "Rue Léon Lamaizière",
        "amenity": "social_facility",
        "building": "yes",
        "fax": "+33 4 77 74 96 80",
        "name": "Résidence La Terrasse",
        "operator": "Ville de Saint-Étienne",
        "phone": "+33 4 77 74 09 98",
        "ref:FR:FINESS": "420782062",
        "ref:FR:SIRET": "26421014700197",
        "social_facility": "assisted_living",
        "social_facility:for": "senior",
        "source": "cadastre-dgi-fr source : Direction Générale des Impôts - Cadastre. Mise à jour : 2010",
        "type:FR:FINESS": "202",
        "wikidata": "Q112997961",
        "@geometry": "center"
      },
      "geometry": {
        "type": "Point",
        "coordinates": [
          4.3806369,
          45.4679028
        ]
      },
      "id": "way/63313083"
    },
    {
      "type": "Feature",
      "properties": {
        "@id": "way/63313751",
        "amenity": "place_of_worship",
        "building": "church",
        "denomination": "catholic",
        "name": "Église Sainte-Barbe",
        "ref:FR:CEF": "42218_17",
        "ref:clochers.org": "42218c",
        "religion": "christian",
        "source": "cadastre-dgi-fr source : Direction Générale des Impôts - Cadastre. Mise à jour : 2010",
        "wikidata": "Q38506590",
        "@geometry": "center"
      },
      "geometry": {
        "type": "Point",
        "coordinates": [
          4.4033725,
          45.4506322
        ]
      },
      "id": "way/63313751"
    },
    {
      "type": "Feature",
      "properties": {
        "@id": "way/63314084",
        "amenity": "place_of_worship",
        "building": "church",
        "denomination": "catholic",
        "name": "Chapelle Saint-Bernard",
        "religion": "christian",
        "source": "cadastre-dgi-fr source : Direction Générale des Impôts - Cadastre. Mise à jour : 2010",
        "wikidata": "Q60365515",
        "@geometry": "center"
      },
      "geometry": {
        "type": "Point",
        "coordinates": [
          4.3798063,
          45.4412369
        ]
      },
      "id": "way/63314084"
    },
    {
      "type": "Feature",
      "properties": {
        "@id": "way/63314121",
        "building": "train_station",
        "name": "Gare de Saint-Etienne Bellevue",
        "operator": "SNCF",
        "source": "cadastre-dgi-fr source : Direction Générale des Impôts - Cadastre. Mise à jour : 2010",
        "wheelchair": "yes",
        "@geometry": "center"
      },
      "geometry": {
        "type": "Point",
        "coordinates": [
          4.3926698,
          45.4171838
        ]
      },
      "id": "way/63314121"
    },
    {
      "type": "Feature",
      "properties": {
        "@id": "way/63314647",
        "alt_name": "Église Chrétienne des Frères de Plymouth",
        "amenity": "place_of_worship",
        "building": "yes",
        "denomination": "nondenominational",
        "name": "Plymouth Brethren Christian Church",
        "religion": "christian",
        "source": "cadastre-dgi-fr source : Direction Générale des Impôts - Cadastre. Mise à jour : 2010",
        "@geometry": "center"
      },
      "geometry": {
        "type": "Point",
        "coordinates": [
          4.4106073,
          45.4344002
        ]
      },
      "id": "way/63314647"
    },
    {
      "type": "Feature",
      "properties": {
        "@id": "way/63315025",
        "addr:housenumber": "7",
        "addr:street": "Rue Bernard Palissy",
        "amenity": "place_of_worship",
        "building": "church",
        "denomination": "armenian_apostolic",
        "name": "Église apostolique arménienne Saint-Grégoire l’Illuminateur",
        "religion": "christian",
        "source": "cadastre-dgi-fr source : Direction Générale des Impôts - Cadastre. Mise à jour : 2010",
        "@geometry": "center"
      },
      "geometry": {
        "type": "Point",
        "coordinates": [
          4.404503,
          45.4386707
        ]
      },
      "id": "way/63315025"
    },
    {
      "type": "Feature",
      "properties": {
        "@id": "way/63319495",
        "building": "university",
        "building:levels": "3",
        "name": "Bâtiment J",
        "operator": "Université Jean Monnet - Site Tréfilerie",
        "source": "cadastre-dgi-fr source : Direction Générale des Impôts - Cadastre. Mise à jour : 2010",
        "@geometry": "center"
      },
      "geometry": {
        "type": "Point",
        "coordinates": [
          4.3921428,
          45.4260381
        ]
      },
      "id": "way/63319495"
    },
    {
      "type": "Feature",
      "properties": {
        "@id": "way/63319547",
        "addr:housenumber": "10",
        "addr:street": "Cours Victor Hugo",
        "alt_name": "Palais des auditions et des cours publiques",
        "building": "commercial",
        "building:levels": "3",
        "heritage": "3",
        "heritage:operator": "mhs",
        "mhs:inscription_date": "2002-06-03",
        "name": "Bourse du Travail",
        "office": "union",
        "ref:mhs": "PA42000013",
        "roof:levels": "1",
        "source": "cadastre-dgi-fr source : Direction Générale des Impôts - Cadastre. Mise à jour : 2010",
        "source:heritage": "Ministère de la Culture - 2023-01",
        "wikidata": "Q16507279",
        "wikimedia_commons": "Category:Bourse du Travail de Saint-Étienne",
        "wikipedia": "fr:Bourse du travail de Saint-Étienne",
        "@geometry": "center"
      },
      "geometry": {
        "type": "Point",
        "coordinates": [
          4.387726,
          45.4331565
        ]
      },
      "id": "way/63319547"
    },
    {
      "type": "Feature",
      "properties": {
        "@id": "way/63321472",
        "alt_name": "Immeuble Preynat-Séauve",
        "building": "apartments",
        "building:levels": "4",
        "heritage": "3",
        "heritage:operator": "mhs",
        "mhs:inscription_date": "1994-02-24",
        "name": "La Martre de France",
        "ref:mhs": "PA00132820",
        "roof:levels": "2",
        "source": "cadastre-dgi-fr source : Direction Générale des Impôts - Cadastre. Mise à jour : 2010",
        "source:heritage": "Ministère de la Culture - 2023-01",
        "wikidata": "Q22975720",
        "wikimedia_commons": "Category:Immeuble Preynat-Seauve",
        "@geometry": "center"
      },
      "geometry": {
        "type": "Point",
        "coordinates": [
          4.3893282,
          45.4367521
        ]
      },
      "id": "way/63321472"
    },
    {
      "type": "Feature",
      "properties": {
        "@id": "way/63322493",
        "amenity": "place_of_worship",
        "building": "cathedral",
        "check_date": "2025-11-26",
        "denomination": "catholic",
        "name": "Cathédrale Saint-Charles-Borromée",
        "ref:FR:CEF": "42218_07",
        "ref:clochers.org": "42218e",
        "religion": "christian",
        "source": "cadastre-dgi-fr source : Direction Générale des Impôts - Cadastre ; mise à jour : 2008",
        "wheelchair": "yes",
        "wikidata": "Q568385",
        "wikipedia": "fr:Cathédrale Saint-Charles-Borromée de Saint-Étienne",
        "@geometry": "center"
      },
      "geometry": {
        "type": "Point",
        "coordinates": [
          4.3845709,
          45.4410532
        ]
      },
      "id": "way/63322493"
    },
    {
      "type": "Feature",
      "properties": {
        "@id": "way/63322681",
        "building": "train_station",
        "building:levels": "1",
        "building:part": "no",
        "internet_access": "wlan",
        "internet_access:fee": "no",
        "internet_access:ssid": "_SNCF gare-gratuit",
        "name": "Gare de Saint-Étienne Châteaucreux",
        "nohousenumber": "yes",
        "operator": "SNCF Gares & Connexions",
        "operator:wikidata": "Q3098278",
        "public_transport": "station",
        "roof:levels": "2",
        "roof:shape": "hipped",
        "source": "cadastre-dgi-fr source : Direction Générale des Impôts - Cadastre. Mise à jour : 2009",
        "tactile_paving": "contrasted",
        "wheelchair": "yes",
        "@geometry": "center"
      },
      "geometry": {
        "type": "Point",
        "coordinates": [
          4.3994379,
          45.4433504
        ]
      },
      "id": "way/63322681"
    },
    {
      "type": "Feature",
      "properties": {
        "@id": "way/63322996",
        "building": "university",
        "building:levels": "3",
        "name": "Bâtiment R",
        "source": "cadastre-dgi-fr source : Direction Générale des Impôts - Cadastre. Mise à jour : 2010",
        "@geometry": "center"
      },
      "geometry": {
        "type": "Point",
        "coordinates": [
          4.3921726,
          45.4256003
        ]
      },
      "id": "way/63322996"
    },
    {
      "type": "Feature",
      "properties": {
        "@id": "way/63324500",
        "building": "apartments",
        "heritage": "3",
        "heritage:operator": "mhs",
        "mhs:inscription_date": "2002-06-03",
        "ref:mhs": "PA42000014",
        "source": "cadastre-dgi-fr source : Direction Générale des Impôts - Cadastre. Mise à jour : 2010",
        "source:heritage": "Ministère de la Culture - 2023-01",
        "wikidata": "Q22996896",
        "wikimedia_commons": "Category:11 rue de la République, Saint-Étienne",
        "@geometry": "center"
      },
      "geometry": {
        "type": "Point",
        "coordinates": [
          4.3904659,
          45.4390376
        ]
      },
      "id": "way/63324500"
    },
    {
      "type": "Feature",
      "properties": {
        "@id": "way/63326227",
        "alt_name": "Grande Mosquée de Saint-Étienne",
        "amenity": "place_of_worship",
        "building": "mosque",
        "name": "Grande Mosquée Mohammed VI de Saint-Étienne",
        "religion": "muslim",
        "source": "cadastre-dgi-fr source : Direction Générale des Impôts - Cadastre. Mise à jour : 2010",
        "wikidata": "Q26734760",
        "@geometry": "center"
      },
      "geometry": {
        "type": "Point",
        "coordinates": [
          4.3990505,
          45.4506303
        ]
      },
      "id": "way/63326227"
    },
    {
      "type": "Feature",
      "properties": {
        "@id": "way/63327694",
        "addr:housenumber": "1",
        "addr:street": "Rue Tréfilerie",
        "amenity": "library",
        "building": "university",
        "building:levels": "1",
        "check_date:opening_hours": "2026-03-12",
        "name": "Bibliothèque universitaire Michel Durafour",
        "opening_hours": "Mo-Fr 08:00-20:00; Sa 09:00-18:30",
        "operator": "Université Jean Monnet - Site Tréfilerie",
        "source": "cadastre-dgi-fr source : Direction Générale des Impôts - Cadastre. Mise à jour : 2010",
        "wheelchair": "yes",
        "@geometry": "center"
      },
      "geometry": {
        "type": "Point",
        "coordinates": [
          4.3927644,
          45.4272682
        ]
      },
      "id": "way/63327694"
    },
    {
      "type": "Feature",
      "properties": {
        "@id": "way/63329019",
        "addr:housenumber": "14",
        "addr:street": "Rue Élisée Reclus",
        "building": "yes",
        "heritage": "3",
        "heritage:operator": "mhs",
        "mhs:inscription_date": "2002-05-29",
        "name": "Condition des soies",
        "ref:mhs": "PA42000015",
        "source": "cadastre-dgi-fr source : Direction Générale des Impôts - Cadastre. Mise à jour : 2010",
        "source:heritage": "Ministère de la Culture - 2023-01",
        "wikidata": "Q22996897",
        "wikimedia_commons": "Category:Condition des Soies",
        "wikipedia": "fr:Condition des soies (Saint-Étienne)",
        "@geometry": "center"
      },
      "geometry": {
        "type": "Point",
        "coordinates": [
          4.3822689,
          45.4398956
        ]
      },
      "id": "way/63329019"
    },
    {
      "type": "Feature",
      "properties": {
        "@id": "way/63329270",
        "alt_name": "EHPAD Balaÿ",
        "amenity": "social_facility",
        "building": "yes",
        "fax": "+33477423719",
        "height": "21",
        "name": "Résidence municipale pour personnes agées Balaÿ",
        "operator": "Ville de Saint-Étienne",
        "phone": "+33 4 77 46 54 54",
        "ref:FR:FINESS": "420006249",
        "ref:FR:SIRET": "26421014700320",
        "social_facility": "nursing_home",
        "social_facility:for": "senior",
        "source": "cadastre-dgi-fr source : Direction Générale des Impôts - Cadastre. Mise à jour : 2010",
        "type:FR:FINESS": "500",
        "wikidata": "Q112997655",
        "@geometry": "center"
      },
      "geometry": {
        "type": "Point",
        "coordinates": [
          4.3866587,
          45.4448654
        ]
      },
      "id": "way/63329270"
    },
    {
      "type": "Feature",
      "properties": {
        "@id": "way/63329294",
        "building": "university",
        "name": "Bâtiment K",
        "source": "cadastre-dgi-fr source : Direction Générale des Impôts - Cadastre. Mise à jour : 2010",
        "@geometry": "center"
      },
      "geometry": {
        "type": "Point",
        "coordinates": [
          4.4240833,
          45.4241943
        ]
      },
      "id": "way/63329294"
    },
    {
      "type": "Feature",
      "properties": {
        "@id": "way/63329438",
        "building": "government",
        "building:levels": "3",
        "building:levels:underground": "1",
        "name": "Centre Technique Municipal Ploton",
        "roof:shape": "flat",
        "smoking": "no",
        "source": "cadastre-dgi-fr source : Direction Générale des Impôts - Cadastre. Mise à jour : 2010",
        "wheelchair": "limited",
        "@geometry": "center"
      },
      "geometry": {
        "type": "Point",
        "coordinates": [
          4.3836831,
          45.4646621
        ]
      },
      "id": "way/63329438"
    },
    {
      "type": "Feature",
      "properties": {
        "@id": "way/63329451",
        "addr:housenumber": "40",
        "addr:street": "Rue Bel Air",
        "amenity": "social_facility",
        "building": "yes",
        "check_date": "2025-01-27",
        "fax": "+33477926065",
        "name": "Résidence la Ceriseraie",
        "phone": "+33 4 77 74 28 44",
        "ref:FR:FINESS": "420006108",
        "ref:FR:SIRET": "77560243600641",
        "social_facility": "nursing_home",
        "social_facility:for": "senior",
        "source": "cadastre-dgi-fr source : Direction Générale des Impôts - Cadastre. Mise à jour : 2010",
        "type:FR:FINESS": "500",
        "wikidata": "Q112940509",
        "@geometry": "center"
      },
      "geometry": {
        "type": "Point",
        "coordinates": [
          4.3750455,
          45.4588672
        ]
      },
      "id": "way/63329451"
    },
    {
      "type": "Feature",
      "properties": {
        "@id": "way/63330260",
        "building": "university",
        "name": "Bâtiment H",
        "source": "cadastre-dgi-fr source : Direction Générale des Impôts - Cadastre. Mise à jour : 2010",
        "@geometry": "center"
      },
      "geometry": {
        "type": "Point",
        "coordinates": [
          4.4251447,
          45.4243118
        ]
      },
      "id": "way/63330260"
    },
    {
      "type": "Feature",
      "properties": {
        "@id": "way/63330270",
        "building": "public",
        "building:levels": "6",
        "name": "Centre administratif municipal Tarentaize",
        "office": "government",
        "operator": "Ville de Saint-Étienne",
        "source": "cadastre-dgi-fr source : Direction Générale des Impôts - Cadastre. Mise à jour : 2010",
        "@geometry": "center"
      },
      "geometry": {
        "type": "Point",
        "coordinates": [
          4.3814462,
          45.4372515
        ]
      },
      "id": "way/63330270"
    },
    {
      "type": "Feature",
      "properties": {
        "@id": "way/63330400",
        "amenity": "place_of_worship",
        "building": "church",
        "heritage": "3",
        "heritage:operator": "mhs",
        "mhs:inscription_date": "2024-07-30",
        "name": "Église Saint-Ennemond",
        "ref:FR:CEF": "42218_08",
        "ref:clochers.org": "42218p",
        "ref:mhs": "PA42000058",
        "religion": "christian",
        "source": "cadastre-dgi-fr source : Direction Générale des Impôts - Cadastre. Mise à jour : 2010",
        "wikidata": "Q38500092",
        "@geometry": "center"
      },
      "geometry": {
        "type": "Point",
        "coordinates": [
          4.3817056,
          45.4348894
        ]
      },
      "id": "way/63330400"
    },
    {
      "type": "Feature",
      "properties": {
        "@id": "way/63330485",
        "building": "tower",
        "height": "40",
        "man_made": "tower",
        "ref:FR:ANFR": "701745",
        "source": "data.gouv.fr:ANFR - 2019-09",
        "source:building": "cadastre-dgi-fr source : Direction Générale des Impôts - Cadastre. Mise à jour : 2010",
        "tower:type": "communication",
        "@geometry": "center"
      },
      "geometry": {
        "type": "Point",
        "coordinates": [
          4.3916997,
          45.4619105
        ]
      },
      "id": "way/63330485"
    },
    {
      "type": "Feature",
      "properties": {
        "@id": "way/63330509",
        "building": "government",
        "building:levels": "3",
        "check_date:opening_hours": "2026-03-03",
        "government": "prefecture",
        "heritage": "3",
        "heritage:operator": "mhs",
        "mhs:inscription_date": "1991-04-29",
        "name": "Immeuble de La Loire Républicaine",
        "office": "government",
        "opening_hours:signed": "no",
        "ref:mhs": "PA00117700",
        "roof:levels": "1",
        "source": "cadastre-dgi-fr source : Direction Générale des Impôts - Cadastre. Mise à jour : 2010",
        "source:heritage": "Ministère de la Culture - 2023-01",
        "wikidata": "Q22967444",
        "wikimedia_commons": "Category:La Loire Républicaine",
        "wikipedia": "fr:Immeuble de La Loire Républicaine",
        "@geometry": "center"
      },
      "geometry": {
        "type": "Point",
        "coordinates": [
          4.3874872,
          45.4419547
        ]
      },
      "id": "way/63330509"
    },
    {
      "type": "Feature",
      "properties": {
        "@id": "way/63330900",
        "alt_name": "Centrale électrique de Manufrance",
        "building": "yes",
        "heritage": "3",
        "heritage:operator": "mhs",
        "loc_name": "La Dynamo",
        "mhs:inscription_date": "2002",
        "name": "Centrale Energie de la Manufacture française d'Armes et Cycles dite Manufrance",
        "ref:mhs": "PA42000012",
        "source": "data.gouv.fr:Ministère de la Culture - 08/2011",
        "source:heritage": "data.gouv.fr:Ministère de la Culture - 08/2011",
        "wikidata": "Q22996895",
        "wikimedia_commons": "Category:Centrale électrique de Manufrance",
        "wikipedia": "fr:Centrale électrique de Manufrance",
        "@geometry": "center"
      },
      "geometry": {
        "type": "Point",
        "coordinates": [
          4.4036956,
          45.4271566
        ]
      },
      "id": "way/63330900"
    },
    {
      "type": "Feature",
      "properties": {
        "@id": "way/63331626",
        "man_made": "chimney",
        "@geometry": "center"
      },
      "geometry": {
        "type": "Point",
        "coordinates": [
          4.3911743,
          45.4157449
        ]
      },
      "id": "way/63331626"
    },
    {
      "type": "Feature",
      "properties": {
        "@id": "way/63333475",
        "amenity": "place_of_worship",
        "building": "chapel",
        "denomination": "catholic",
        "name": "Chapelle Saint-Joseph de Monthieu",
        "religion": "christian",
        "source": "cadastre-dgi-fr source : Direction Générale des Impôts - Cadastre. Mise à jour : 2010",
        "wikidata": "Q60378558",
        "@geometry": "center"
      },
      "geometry": {
        "type": "Point",
        "coordinates": [
          4.4151108,
          45.4431982
        ]
      },
      "id": "way/63333475"
    },
    {
      "type": "Feature",
      "properties": {
        "@id": "way/63333985",
        "alt_name": "Centre des Savoirs et de l’Innovation",
        "building": "university",
        "building:levels": "2",
        "name": "Les Forges",
        "roof:shape": "flat",
        "source": "cadastre-dgi-fr source : Direction Générale des Impôts - Cadastre. Mise à jour : 2010",
        "@geometry": "center"
      },
      "geometry": {
        "type": "Point",
        "coordinates": [
          4.3882899,
          45.4507274
        ]
      },
      "id": "way/63333985"
    },
    {
      "type": "Feature",
      "properties": {
        "@id": "way/63334005",
        "addr:housenumber": "36",
        "addr:street": "Rue de la Résistance",
        "building": "government",
        "building:levels": "3",
        "heritage": "3",
        "heritage:operator": "mhs",
        "mhs:inscription_date": "2002-05-29",
        "name": "Maison des Avocats",
        "old_name": "Chambre de commerce",
        "ref:mhs": "PA42000011",
        "roof:levels": "1",
        "roof:shape": "mansard",
        "source": "cadastre-dgi-fr source : Direction Générale des Impôts - Cadastre. Mise à jour : 2010",
        "source:heritage": "Ministère de la Culture - 2023-01",
        "website": "https://www.avocat-saint-etienne.com/",
        "wikidata": "Q22996893",
        "wikimedia_commons": "Category:Chambre de Commerce de Saint-Étienne",
        "wikipedia": "fr:Ancienne chambre de commerce de Saint-Étienne",
        "@geometry": "center"
      },
      "geometry": {
        "type": "Point",
        "coordinates": [
          4.3863354,
          45.4371558
        ]
      },
      "id": "way/63334005"
    },
    {
      "type": "Feature",
      "properties": {
        "@id": "way/63334699",
        "building": "university",
        "name": "F",
        "source": "cadastre-dgi-fr source : Direction Générale des Impôts - Cadastre. Mise à jour : 2023",
        "@geometry": "center"
      },
      "geometry": {
        "type": "Point",
        "coordinates": [
          4.4331428,
          45.4228636
        ]
      },
      "id": "way/63334699"
    },
    {
      "type": "Feature",
      "properties": {
        "@id": "way/63335499",
        "addr:housenumber": "28",
        "addr:street": "Rue Pierre et Dominique Ponchardier",
        "amenity": "planetarium",
        "building": "yes",
        "contact:email": "planetarium@saint-etienne.fr",
        "contact:phone": "+33 4 77 33 43 01",
        "fee": "yes",
        "name": "Planétarium de Saint-Étienne",
        "opening_hours": "Mo-Fr 09:00-12:30,13:30-17:00",
        "source": "cadastre-dgi-fr source : Direction Générale des Impôts - Cadastre. Mise à jour : 2010",
        "website": "https://planetarium.saint-etienne.fr/",
        "wikidata": "Q3391657",
        "wikipedia": "fr:Planétarium de Saint-Étienne",
        "@geometry": "center"
      },
      "geometry": {
        "type": "Point",
        "coordinates": [
          4.4027109,
          45.427785
        ]
      },
      "id": "way/63335499"
    },
    {
      "type": "Feature",
      "properties": {
        "@id": "way/63335833",
        "amenity": "hospital",
        "building": "hospital",
        "emergency": "yes",
        "fax": "+33 4 77 42 29 29",
        "healthcare": "hospital",
        "healthcare:speciality": "intensive",
        "name": "Hôpital Privé de la Loire",
        "operator": "Ramsay Santé",
        "operator:type": "private",
        "operator:wikidata": "Q3123085",
        "phone": "0 826 30 42 42",
        "ref:FR:FINESS": "420011413",
        "source": "cadastre-dgi-fr source : Direction Générale des Impôts - Cadastre ; mise à jour : 2009",
        "type:FR:FINESS": "365",
        "website": "https://hopital-prive-de-la-loire-saint-etienne.ramsaygds.fr/",
        "wheelchair": "yes",
        "@geometry": "center"
      },
      "geometry": {
        "type": "Point",
        "coordinates": [
          4.4180061,
          45.4282522
        ]
      },
      "id": "way/63335833"
    },
    {
      "type": "Feature",
      "properties": {
        "@id": "way/63338404",
        "amenity": "place_of_worship",
        "building": "church",
        "name": "Église Notre-Dame de Terrenoire",
        "religion": "christian",
        "source": "cadastre-dgi-fr source : Direction Générale des Impôts - Cadastre. Mise à jour : 2010",
        "wikidata": "Q29569470",
        "@geometry": "center"
      },
      "geometry": {
        "type": "Point",
        "coordinates": [
          4.4363743,
          45.4345044
        ]
      },
      "id": "way/63338404"
    },
    {
      "type": "Feature",
      "properties": {
        "@id": "way/63338830",
        "amenity": "place_of_worship",
        "building": "church",
        "denomination": "catholic",
        "name": "Église Saint-Louis",
        "ref:FR:CEF": "42218_12",
        "ref:clochers.org": "42218o",
        "ref:mhs": "IA42000041",
        "religion": "christian",
        "source": "cadastre-dgi-fr source : Direction Générale des Impôts - Cadastre. Mise à jour : 2010",
        "wikidata": "Q60387421",
        "@geometry": "center"
      },
      "geometry": {
        "type": "Point",
        "coordinates": [
          4.3888919,
          45.4345728
        ]
      },
      "id": "way/63338830"
    },
    {
      "type": "Feature",
      "properties": {
        "@id": "way/63338953",
        "amenity": "conference_centre",
        "building": "yes",
        "name": "Centre de Congrès",
        "source": "cadastre-dgi-fr source : Direction Générale des Impôts - Cadastre. Mise à jour : 2010",
        "website": "https://www.congres-saint-etienne.com/",
        "wikidata": "Q2945531",
        "@geometry": "center"
      },
      "geometry": {
        "type": "Point",
        "coordinates": [
          4.4030508,
          45.428106
        ]
      },
      "id": "way/63338953"
    },
    {
      "type": "Feature",
      "properties": {
        "@id": "way/63339958",
        "building": "roof",
        "building:levels": "1",
        "description": "Conservation d'un des bâtiments sur \"un ancien site industriel à valeur patrimoniale\" (Établissements P. Charvin)",
        "historic": "building",
        "layer": "1",
        "source": "cadastre-dgi-fr source : Direction Générale des Impôts - Cadastre. Mise à jour : 2010",
        "wall": "no",
        "@geometry": "center"
      },
      "geometry": {
        "type": "Point",
        "coordinates": [
          4.395728,
          45.442431
        ]
      },
      "id": "way/63339958"
    },
    {
      "type": "Feature",
      "properties": {
        "@id": "way/63340852",
        "access": "yes",
        "addr:housenumber": "18",
        "addr:street": "Avenue Augustin Dupré",
        "building": "public",
        "building:levels": "4",
        "internet_access": "wlan",
        "internet_access:fee": "no",
        "internet_access:operator": "Ville de Saint-Étienne",
        "internet_access:ssid": "SainteWifi",
        "name": "Maison de l'Emploi et de la Formation Loire Sud",
        "office": "government",
        "source": "cadastre-dgi-fr source : Direction Générale des Impôts - Cadastre. Mise à jour : 2010",
        "@geometry": "center"
      },
      "geometry": {
        "type": "Point",
        "coordinates": [
          4.3790986,
          45.4376003
        ]
      },
      "id": "way/63340852"
    },
    {
      "type": "Feature",
      "properties": {
        "@id": "way/63340891",
        "addr:housenumber": "2",
        "addr:street": "Place Louis Comte",
        "building": "yes",
        "building:part": "no",
        "fee": "yes",
        "name": "Musée d'Art et d'Industrie",
        "official_name": "Musée d'Art et d'Industrie de Saint-Étienne",
        "operator": "Ville de Saint-Étienne",
        "phone": "+33 4 77 49 73 00",
        "ref:FR:museofile": "M1023",
        "short_name": "MAI",
        "source": "cadastre-dgi-fr source : Direction Générale des Impôts - Cadastre. Mise à jour : 2010",
        "tourism": "museum",
        "website": "https://mai.saint-etienne.fr/",
        "wheelchair": "yes",
        "wikidata": "Q3329629",
        "wikipedia": "fr:Musée d'Art et d'Industrie de Saint-Étienne",
        "@geometry": "center"
      },
      "geometry": {
        "type": "Point",
        "coordinates": [
          4.3868821,
          45.4314555
        ]
      },
      "id": "way/63340891"
    },
    {
      "type": "Feature",
      "properties": {
        "@id": "way/63340926",
        "addr:housenumber": "20",
        "addr:street": "Rue de la Croix de l'Orme",
        "alt_name": "EHPAD La Croix de l'Orme",
        "amenity": "social_facility",
        "building": "residential",
        "fax": "+33477591320",
        "name": "Résidence de la Croix de l'Orme",
        "operator": "Ville de Saint-Étienne",
        "phone": "+33477573171",
        "ref:FR:FINESS": "420784100",
        "ref:FR:SIRET": "21420218601974",
        "social_facility": "nursing_home",
        "social_facility:for": "senior",
        "source": "cadastre-dgi-fr source : Direction Générale des Impôts - Cadastre. Mise à jour : 2010",
        "type:FR:FINESS": "500",
        "wikidata": "Q112979161",
        "@geometry": "center"
      },
      "geometry": {
        "type": "Point",
        "coordinates": [
          4.3794689,
          45.4082153
        ]
      },
      "id": "way/63340926"
    },
    {
      "type": "Feature",
      "properties": {
        "@id": "way/63341036",
        "amenity": "place_of_worship",
        "building": "church",
        "check_date": "2026-04-23",
        "denomination": "catholic",
        "name": "Église Saint-Pierre-Saint-Paul",
        "ref:FR:CEF": "42218_15",
        "religion": "christian",
        "source": "cadastre-dgi-fr source : Direction Générale des Impôts - Cadastre. Mise à jour : 2010",
        "wikidata": "Q60391834",
        "@geometry": "center"
      },
      "geometry": {
        "type": "Point",
        "coordinates": [
          4.4012218,
          45.413139
        ]
      },
      "id": "way/63341036"
    },
    {
      "type": "Feature",
      "properties": {
        "@id": "way/63485460",
        "addr:housenumber": "9",
        "addr:postcode": "42390",
        "addr:street": "Rue de l'Hôtel de Ville",
        "amenity": "social_facility",
        "building": "dormitory",
        "fax": "+33477938000",
        "name": "Résidence Les Marronniers",
        "phone": "+33 4 77 74 62 59",
        "ref:FR:FINESS": "420784571",
        "social_facility": "assisted_living",
        "social_facility:for": "senior",
        "source": "cadastre-dgi-fr source : Direction Générale des Impôts - Cadastre. Mise à jour : 2010",
        "type:FR:FINESS": "202",
        "wikidata": "Q112998116",
        "@geometry": "center"
      },
      "geometry": {
        "type": "Point",
        "coordinates": [
          4.3533216,
          45.4661719
        ]
      },
      "id": "way/63485460"
    },
    {
      "type": "Feature",
      "properties": {
        "@id": "way/63485817",
        "addr:street": "Rue du Puits Gallois",
        "alt_name": "Musée de la Mine",
        "building": "yes",
        "fee": "no",
        "museum": "local",
        "name": "Musée Jean-Marie Somet",
        "source": "cadastre-dgi-fr source : Direction Générale des Impôts - Cadastre. Mise à jour : 2010",
        "tourism": "museum",
        "website": "https://www.histoire-patrimoine-villars.fr/",
        "wikidata": "Q110677837",
        "@geometry": "center"
      },
      "geometry": {
        "type": "Point",
        "coordinates": [
          4.3552867,
          45.4642787
        ]
      },
      "id": "way/63485817"
    },
    {
      "type": "Feature",
      "properties": {
        "@id": "way/63487329",
        "amenity": "place_of_worship",
        "building": "church",
        "denomination": "catholic",
        "name": "Église Saint-Laurent",
        "ref:FR:CEF": "42330_01",
        "religion": "christian",
        "source": "cadastre-dgi-fr source : Direction Générale des Impôts - Cadastre. Mise à jour : 2010",
        "wikidata": "Q3582249",
        "wikipedia": "fr:Église Saint-Laurent (Villars)",
        "@geometry": "center"
      },
      "geometry": {
        "type": "Point",
        "coordinates": [
          4.3534111,
          45.4688573
        ]
      },
      "id": "way/63487329"
    },
    {
      "type": "Feature",
      "properties": {
        "@id": "way/63487368",
        "building": "church",
        "name": "Église Saint-André",
        "source": "cadastre-dgi-fr source : Direction Générale des Impôts - Cadastre. Mise à jour : 2010",
        "wikidata": "Q105871064",
        "@geometry": "center"
      },
      "geometry": {
        "type": "Point",
        "coordinates": [
          4.3526347,
          45.467586
        ]
      },
      "id": "way/63487368"
    },
    {
      "type": "Feature",
      "properties": {
        "@id": "way/65626040",
        "alt_name": "Maison du Passementier",
        "building": "yes",
        "name": "La Maison du Passementier",
        "source": "cadastre-dgi-fr source : Direction Générale des Finances Publiques - Cadastre. Mise à jour : 2013",
        "tourism": "museum",
        "website": "https://www.ville-st-jean-bonnefonds.fr/mdp",
        "@geometry": "center"
      },
      "geometry": {
        "type": "Point",
        "coordinates": [
          4.4347417,
          45.4474359
        ]
      },
      "id": "way/65626040"
    },
    {
      "type": "Feature",
      "properties": {
        "@id": "way/65633421",
        "alt_name": "Chapelle de la Baraillère",
        "amenity": "place_of_worship",
        "building": "church",
        "denomination": "catholic",
        "name": "Église Notre-Dame-de-l'Annonciation",
        "ref:FR:CEF": "42237_01",
        "ref:clochers.org": "42237",
        "religion": "christian",
        "source": "cadastre-dgi-fr source : Direction Générale des Finances Publiques - Cadastre. Mise à jour : 2013",
        "wikidata": "Q38388095",
        "@geometry": "center"
      },
      "geometry": {
        "type": "Point",
        "coordinates": [
          4.4333628,
          45.4471963
        ]
      },
      "id": "way/65633421"
    },
    {
      "type": "Feature",
      "properties": {
        "@id": "way/65633801",
        "building": "water_tower",
        "man_made": "water_tower",
        "source": "cadastre-dgi-fr source : Direction Générale des Finances Publiques - Cadastre. Mise à jour : 2013",
        "@geometry": "center"
      },
      "geometry": {
        "type": "Point",
        "coordinates": [
          4.4323431,
          45.4668034
        ]
      },
      "id": "way/65633801"
    },
    {
      "type": "Feature",
      "properties": {
        "@id": "way/65640211",
        "addr:city": "Saint-Priest-en-Jarez",
        "addr:housenumber": "2",
        "addr:postcode": "42270",
        "addr:street": "Rue Pasteur",
        "alt_name": "EHPAD Saint-Priest-en-Jarez",
        "amenity": "social_facility",
        "building": "yes",
        "fax": "+33477790920",
        "name": "Résidence Saint-Priest",
        "operator": "Emeis",
        "phone": "+33 4 77 93 04 04",
        "ref:FR:FINESS": "420789398",
        "ref:FR:SIRET": "40125156600097",
        "social_facility": "nursing_home",
        "social_facility:for": "senior",
        "source": "cadastre-dgi-fr source : Direction Générale des Impôts - Cadastre. Mise à jour : 2010",
        "type:FR:FINESS": "500",
        "wikidata": "Q112923650",
        "@geometry": "center"
      },
      "geometry": {
        "type": "Point",
        "coordinates": [
          4.3766712,
          45.4757881
        ]
      },
      "id": "way/65640211"
    },
    {
      "type": "Feature",
      "properties": {
        "@id": "way/65641150",
        "amenity": "place_of_worship",
        "building": "church",
        "denomination": "catholic",
        "name": "Église Saint-Prix",
        "ref:FR:CEF": "42275_01",
        "religion": "christian",
        "source": "cadastre-dgi-fr source : Direction Générale des Impôts - Cadastre. Mise à jour : 2010",
        "wikidata": "Q3584225",
        "@geometry": "center"
      },
      "geometry": {
        "type": "Point",
        "coordinates": [
          4.3785021,
          45.4737875
        ]
      },
      "id": "way/65641150"
    },
    {
      "type": "Feature",
      "properties": {
        "@id": "way/65641379",
        "building": "yes",
        "contact:phone": "+33 7 71 60 82 39",
        "fee": "yes",
        "name": "Musée des Transports Urbains de Saint-Étienne et sa région",
        "opening_hours": "We 14:00-17:00",
        "source": "cadastre-dgi-fr source : Direction Générale des Impôts - Cadastre. Mise à jour : 2010",
        "tourism": "museum",
        "website": "https://www.musee-transports42.fr/",
        "wikidata": "Q3330302",
        "@geometry": "center"
      },
      "geometry": {
        "type": "Point",
        "coordinates": [
          4.3641268,
          45.4764608
        ]
      },
      "id": "way/65641379"
    },
    {
      "type": "Feature",
      "properties": {
        "@id": "way/65642539",
        "addr:city": "Saint-Priest-en-Jarez",
        "addr:housenumber": "10",
        "addr:postcode": "42270",
        "addr:street": "Avenue Pierre Mendès France",
        "amenity": "social_facility",
        "building": "yes",
        "fax": "+33477927034",
        "name": "EHPAD La Mounardière",
        "opening_hours": "Mo-Su 00:00-24:00",
        "operator": "korian",
        "phone": "+33 4 77 93 21 20",
        "ref:FR:FINESS": "420002578",
        "ref:FR:SIRET": "37815842200303",
        "social_facility": "nursing_home",
        "social_facility:for": "senior",
        "source": "cadastre-dgi-fr source : Direction Générale des Impôts - Cadastre. Mise à jour : 2010",
        "type:FR:FINESS": "500",
        "website": "https://www.korian.fr/maisons-retraite/auvergne-rhone-alpes/loire-42/saint-priest-en-jarez-42270/ehpad-korian-la-mounardiere",
        "wikidata": "Q112922945",
        "@geometry": "center"
      },
      "geometry": {
        "type": "Point",
        "coordinates": [
          4.3759928,
          45.4699823
        ]
      },
      "id": "way/65642539"
    },
    {
      "type": "Feature",
      "properties": {
        "@id": "way/65642812",
        "building": "yes",
        "historic": "building",
        "name": "Villa Saint-Michel",
        "source": "cadastre-dgi-fr source : Direction Générale des Impôts - Cadastre. Mise à jour : 2010",
        "@geometry": "center"
      },
      "geometry": {
        "type": "Point",
        "coordinates": [
          4.3770463,
          45.4733075
        ]
      },
      "id": "way/65642812"
    },
    {
      "type": "Feature",
      "properties": {
        "@id": "way/65794247",
        "building": "church",
        "name": "Église Notre-Dame-de-l'Assomption",
        "note": "ancienne église. Désacralisée en juillet 2019. Source: https://www.francebleu.fr/infos/societe/roche-la-moliere-l-eglise-de-la-cote-durieux-a-ete-desacralisee-1562505513",
        "source": "cadastre-dgi-fr source : Direction Générale des Impôts - Cadastre. Mise à jour : 2010",
        "was:amenity": "place_of_worship",
        "wikidata": "Q38392487",
        "@geometry": "center"
      },
      "geometry": {
        "type": "Point",
        "coordinates": [
          4.3389444,
          45.4325443
        ]
      },
      "id": "way/65794247"
    },
    {
      "type": "Feature",
      "properties": {
        "@id": "way/77656909",
        "highway": "pedestrian",
        "lit": "yes",
        "name": "Square Alexandre Jacob",
        "surface": "asphalt",
        "@geometry": "center"
      },
      "geometry": {
        "type": "Point",
        "coordinates": [
          4.3860851,
          45.4273259
        ]
      },
      "id": "way/77656909"
    },
    {
      "type": "Feature",
      "properties": {
        "@id": "way/79206609",
        "building": "public",
        "leisure": "sports_centre",
        "name": "Le pôle sportif l'Arena",
        "source": "cadastre-dgi-fr source : Direction Générale des Impôts - Cadastre. Mise à jour : 2010",
        "sport": "table_tennis",
        "@geometry": "center"
      },
      "geometry": {
        "type": "Point",
        "coordinates": [
          4.4381779,
          45.4882276
        ]
      },
      "id": "way/79206609"
    },
    {
      "type": "Feature",
      "properties": {
        "@id": "way/85007299",
        "amenity": "community_centre",
        "building": "public",
        "check_date": "2023-09-14",
        "name": "Salle Valette",
        "source": "cadastre-dgi-fr source : Direction Générale des Impôts - Cadastre. Mise à jour : 2010",
        "@geometry": "center"
      },
      "geometry": {
        "type": "Point",
        "coordinates": [
          4.3637717,
          45.4049239
        ]
      },
      "id": "way/85007299"
    },
    {
      "type": "Feature",
      "properties": {
        "@id": "way/85019304",
        "building": "industrial",
        "heritage": "3",
        "heritage:operator": "mhs",
        "man_made": "mineshaft",
        "mhs:inscription_date": "2003-11-03",
        "name": "Puits des Combes",
        "ref:mhs": "PA42000018",
        "source": "cadastre-dgi-fr source : Direction Générale des Impôts - Cadastre. Mise à jour : 2010",
        "source:heritage": "data.gouv.fr, Ministère de la Culture - 2016",
        "start_date": "C20",
        "wikidata": "Q3410688",
        "wikipedia": "fr:Puits des Combes",
        "@geometry": "center"
      },
      "geometry": {
        "type": "Point",
        "coordinates": [
          4.3638551,
          45.4140922
        ]
      },
      "id": "way/85019304"
    },
    {
      "type": "Feature",
      "properties": {
        "@id": "way/85020102",
        "amenity": "place_of_worship",
        "building": "church",
        "denomination": "catholic",
        "name": "Église Notre-Dame",
        "ref:FR:CEF": "42183_01",
        "ref:clochers.org": "42183",
        "religion": "christian",
        "source": "cadastre-dgi-fr source : Direction Générale des Impôts - Cadastre. Mise à jour : 2010",
        "wall": "no",
        "wikidata": "Q38397986",
        "@geometry": "center"
      },
      "geometry": {
        "type": "Point",
        "coordinates": [
          4.3679511,
          45.4039202
        ]
      },
      "id": "way/85020102"
    },
    {
      "type": "Feature",
      "properties": {
        "@id": "way/86508682",
        "access": "private",
        "building": "chapel",
        "historic": "chapel",
        "name": "Chapelle de la Sauvanière",
        "source": "cadastre-dgi-fr source : Direction Générale des Impôts - Cadastre. Mise à jour : 2010",
        "year_of_construction": "1633",
        "@geometry": "center"
      },
      "geometry": {
        "type": "Point",
        "coordinates": [
          4.3478715,
          45.3920022
        ]
      },
      "id": "way/86508682"
    },
    {
      "type": "Feature",
      "properties": {
        "@id": "way/86513291",
        "alt_name": "Église Notre-Dame",
        "amenity": "place_of_worship",
        "building": "church",
        "name": "Église de Cotatay",
        "ref:clochers.org": "42183",
        "religion": "christian",
        "source": "cadastre-dgi-fr source : Direction Générale des Impôts - Cadastre. Mise à jour : 2010",
        "wikidata": "Q38384703",
        "@geometry": "center"
      },
      "geometry": {
        "type": "Point",
        "coordinates": [
          4.3495298,
          45.398534
        ]
      },
      "id": "way/86513291"
    },
    {
      "type": "Feature",
      "properties": {
        "@id": "way/86513915",
        "building": "yes",
        "disabled": "yes",
        "disused": "yes",
        "historic": "technical_monument",
        "man_made": "mineshaft",
        "name": "Puits du Marais",
        "source": "cadastre-dgi-fr source : Direction Générale des Impôts - Cadastre. Mise à jour : 2010",
        "wikidata": "Q3410696",
        "wikipedia": "fr:Puits du Marais",
        "@geometry": "center"
      },
      "geometry": {
        "type": "Point",
        "coordinates": [
          4.3444143,
          45.3991816
        ]
      },
      "id": "way/86513915"
    },
    {
      "type": "Feature",
      "properties": {
        "@id": "way/86515957",
        "addr:housenumber": "1",
        "addr:postcode": "42500",
        "addr:street": "Rue du Maquis",
        "amenity": "social_facility",
        "building": "yes",
        "fax": "+33477565256",
        "name": "Foyer-résidence Quiétude",
        "phone": "+33477100135",
        "ref:FR:FINESS": "420784415",
        "ref:FR:SIRET": "26421002200028",
        "social_facility": "assisted_living",
        "social_facility:for": "senior",
        "source": "Le ministère des solidarités et de la santé - 03/2019",
        "type:FR:FINESS": "202",
        "wikidata": "Q112975158",
        "@geometry": "center"
      },
      "geometry": {
        "type": "Point",
        "coordinates": [
          4.3298897,
          45.3982768
        ]
      },
      "id": "way/86515957"
    },
    {
      "type": "Feature",
      "properties": {
        "@id": "way/86518109",
        "building": "yes",
        "heritage": "3",
        "heritage:operator": "mhs",
        "historic": "castle",
        "mhs:inscription_date": "2012-01-25",
        "name": "Château de Feugerolles",
        "ref:mhs": "PA00117443",
        "source": "cadastre-dgi-fr source : Direction Générale des Impôts - Cadastre. Mise à jour : 2010",
        "source:heritage": "data.gouv.fr, Ministère de la Culture - 2016",
        "start_date": "C13",
        "wikidata": "Q22967174",
        "@geometry": "center"
      },
      "geometry": {
        "type": "Point",
        "coordinates": [
          4.3400536,
          45.3845587
        ]
      },
      "id": "way/86518109"
    },
    {
      "type": "Feature",
      "properties": {
        "@id": "way/101629339",
        "access": "destination",
        "bicycle": "yes",
        "highway": "pedestrian",
        "lit": "yes",
        "name": "Rue Montferré",
        "surface": "concrete",
        "@geometry": "center"
      },
      "geometry": {
        "type": "Point",
        "coordinates": [
          4.3842487,
          45.4257856
        ]
      },
      "id": "way/101629339"
    },
    {
      "type": "Feature",
      "properties": {
        "@id": "way/125082746",
        "area": "yes",
        "highway": "pedestrian",
        "name": "Place de la République",
        "place": "square",
        "source": "cadastre-dgi-fr source : Direction Générale des Impôts - Cadastre. Mise à jour :    2011",
        "@geometry": "center"
      },
      "geometry": {
        "type": "Point",
        "coordinates": [
          4.3633445,
          45.4446011
        ]
      },
      "id": "way/125082746"
    },
    {
      "type": "Feature",
      "properties": {
        "@id": "way/131389901",
        "bicycle": "yes",
        "bus": "yes",
        "highway": "pedestrian",
        "lit": "yes",
        "maxspeed": "30",
        "motor_vehicle": "private",
        "name": "Place Jean Jaurès",
        "oneway": "yes",
        "sidewalk:left": "separate",
        "sidewalk:right": "yes",
        "surface": "asphalt",
        "@geometry": "center"
      },
      "geometry": {
        "type": "Point",
        "coordinates": [
          4.3872937,
          45.441394
        ]
      },
      "id": "way/131389901"
    },
    {
      "type": "Feature",
      "properties": {
        "@id": "way/144803838",
        "amenity": "place_of_worship",
        "building": "chapel",
        "denomination": "catholic",
        "religion": "christian",
        "source": "cadastre-dgi-fr source : Direction Générale des Impôts - Cadastre. Mise à jour : 2012",
        "@geometry": "center"
      },
      "geometry": {
        "type": "Point",
        "coordinates": [
          4.418459,
          45.471738
        ]
      },
      "id": "way/144803838"
    },
    {
      "type": "Feature",
      "properties": {
        "@id": "way/144804329",
        "amenity": "place_of_worship",
        "building": "church",
        "denomination": "catholic",
        "name": "Église Notre-Dame-Auxiliatrice",
        "religion": "christian",
        "source": "cadastre-dgi-fr source : Direction Générale des Impôts - Cadastre. Mise à jour : 2012",
        "wikidata": "Q38385416",
        "@geometry": "center"
      },
      "geometry": {
        "type": "Point",
        "coordinates": [
          4.4295365,
          45.479188
        ]
      },
      "id": "way/144804329"
    },
    {
      "type": "Feature",
      "properties": {
        "@id": "way/144806497",
        "building": "yes",
        "name": "Maison du Patrimoine et de la Mesure",
        "source": "cadastre-dgi-fr source : Direction Générale des Impôts - Cadastre. Mise à jour : 2012",
        "tourism": "museum",
        "@geometry": "center"
      },
      "geometry": {
        "type": "Point",
        "coordinates": [
          4.435311,
          45.480209
        ]
      },
      "id": "way/144806497"
    },
    {
      "type": "Feature",
      "properties": {
        "@id": "way/144808340",
        "addr:city": "La Talaudière",
        "addr:housenumber": "1",
        "addr:postcode": "42350",
        "addr:street": "Sentier des Écureuils",
        "amenity": "social_facility",
        "building": "yes",
        "fax": "+33477530729",
        "name": "EHPAD Talaudière",
        "operator": "Emeis",
        "phone": "+33 4 77 53 88 57",
        "ref:FR:FINESS": "420789406",
        "ref:FR:SIRET": "40125156600089",
        "social_facility": "nursing_home",
        "social_facility:for": "senior",
        "source": "cadastre-dgi-fr source : Direction Générale des Impôts - Cadastre. Mise à jour : 2012",
        "type:FR:FINESS": "500",
        "wikidata": "Q112998222",
        "@geometry": "center"
      },
      "geometry": {
        "type": "Point",
        "coordinates": [
          4.428651,
          45.486937
        ]
      },
      "id": "way/144808340"
    },
    {
      "type": "Feature",
      "properties": {
        "@id": "way/144836829",
        "amenity": "place_of_worship",
        "building": "church",
        "denomination": "catholic",
        "name": "Église Saint-Georges",
        "religion": "christian",
        "source": "cadastre-dgi-fr source : Direction Générale des Impôts - Cadastre. Mise à jour : 2012",
        "wikidata": "Q38586902",
        "@geometry": "center"
      },
      "geometry": {
        "type": "Point",
        "coordinates": [
          4.388767,
          45.485368
        ]
      },
      "id": "way/144836829"
    },
    {
      "type": "Feature",
      "properties": {
        "@id": "way/144837187",
        "amenity": "place_of_worship",
        "building": "chapel",
        "name": "Chapelle Saint-Roch",
        "religion": "christian",
        "source": "cadastre-dgi-fr source : Direction Générale des Impôts - Cadastre. Mise à jour : 2012",
        "wikidata": "Q60386405",
        "@geometry": "center"
      },
      "geometry": {
        "type": "Point",
        "coordinates": [
          4.393422,
          45.47969
        ]
      },
      "id": "way/144837187"
    },
    {
      "type": "Feature",
      "properties": {
        "@id": "way/145071740",
        "amenity": "place_of_worship",
        "building": "church",
        "denomination": "catholic",
        "name": "Église Saint-Roch",
        "religion": "christian",
        "source": "cadastre-dgi-fr source : Direction Générale des Impôts - Cadastre. Mise à jour : 2012",
        "wikidata": "Q41766400",
        "@geometry": "center"
      },
      "geometry": {
        "type": "Point",
        "coordinates": [
          4.3781881,
          45.4852635
        ]
      },
      "id": "way/145071740"
    },
    {
      "type": "Feature",
      "properties": {
        "@id": "way/146338089",
        "addr:city": "Saint-Étienne",
        "addr:housenumber": "6",
        "addr:postcode": "42100",
        "addr:street": "Rue Basse des Rives",
        "building": "university",
        "building:levels": "5",
        "name": "Bâtiment D",
        "operator": "Université Jean Monnet - Site Tréfilerie",
        "wheelchair": "limited",
        "@geometry": "center"
      },
      "geometry": {
        "type": "Point",
        "coordinates": [
          4.3934218,
          45.4261073
        ]
      },
      "id": "way/146338089"
    },
    {
      "type": "Feature",
      "properties": {
        "@id": "way/149024080",
        "area": "yes",
        "highway": "pedestrian",
        "name": "Place Bobby Sands",
        "@geometry": "center"
      },
      "geometry": {
        "type": "Point",
        "coordinates": [
          4.3848217,
          45.4208915
        ]
      },
      "id": "way/149024080"
    },
    {
      "type": "Feature",
      "properties": {
        "@id": "way/150576173",
        "highway": "pedestrian",
        "lit": "yes",
        "name": "Rue Georges Dupré",
        "source": "cadastre-dgi-fr source : Direction Générale des Impôts - Cadastre ; mise à jour : 2008",
        "surface": "sett",
        "@geometry": "center"
      },
      "geometry": {
        "type": "Point",
        "coordinates": [
          4.3906193,
          45.4363989
        ]
      },
      "id": "way/150576173"
    },
    {
      "type": "Feature",
      "properties": {
        "@id": "way/150576174",
        "highway": "pedestrian",
        "lit": "yes",
        "name": "Rue Louis Merley",
        "source": "cadastre-dgi-fr source : Direction Générale des Impôts - Cadastre ; mise à jour : 2008",
        "surface": "paving_stones",
        "@geometry": "center"
      },
      "geometry": {
        "type": "Point",
        "coordinates": [
          4.3911515,
          45.4352212
        ]
      },
      "id": "way/150576174"
    },
    {
      "type": "Feature",
      "properties": {
        "@id": "way/150576175",
        "bicycle": "yes",
        "highway": "pedestrian",
        "lit": "yes",
        "maxspeed": "10",
        "motor_vehicle:conditional": "delivery @ (06:00 - 11:00)",
        "name": "Rue Léon Nautin",
        "source": "cadastre-dgi-fr source : Direction Générale des Impôts - Cadastre. Mise à jour : 2012",
        "surface": "paving_stones",
        "@geometry": "center"
      },
      "geometry": {
        "type": "Point",
        "coordinates": [
          4.3901883,
          45.4347975
        ]
      },
      "id": "way/150576175"
    },
    {
      "type": "Feature",
      "properties": {
        "@id": "way/150576177",
        "highway": "pedestrian",
        "lit": "yes",
        "name": "Place Maxime Gorki",
        "source": "cadastre-dgi-fr source : Direction Générale des Impôts - Cadastre ; mise à jour : 2008",
        "surface": "sett",
        "@geometry": "center"
      },
      "geometry": {
        "type": "Point",
        "coordinates": [
          4.3914883,
          45.4357251
        ]
      },
      "id": "way/150576177"
    },
    {
      "type": "Feature",
      "properties": {
        "@id": "way/150576179",
        "highway": "pedestrian",
        "lit": "yes",
        "motor_vehicle": "yes",
        "name": "Rue Saint-Jean",
        "surface": "asphalt",
        "@geometry": "center"
      },
      "geometry": {
        "type": "Point",
        "coordinates": [
          4.3907963,
          45.4371393
        ]
      },
      "id": "way/150576179"
    },
    {
      "type": "Feature",
      "properties": {
        "@id": "way/150576187",
        "highway": "pedestrian",
        "lit": "yes",
        "name": "Rue Pointe Cadet",
        "surface": "sett",
        "@geometry": "center"
      },
      "geometry": {
        "type": "Point",
        "coordinates": [
          4.3906204,
          45.4349583
        ]
      },
      "id": "way/150576187"
    },
    {
      "type": "Feature",
      "properties": {
        "@id": "way/152291558",
        "bicycle": "yes",
        "highway": "pedestrian",
        "lit": "yes",
        "maxspeed": "30",
        "name": "Place Jean Jaurès",
        "oneway": "yes",
        "oneway:bicycle": "opposite",
        "source:maxspeed": "FR:zone30",
        "surface": "asphalt",
        "@geometry": "center"
      },
      "geometry": {
        "type": "Point",
        "coordinates": [
          4.3857936,
          45.441834
        ]
      },
      "id": "way/152291558"
    },
    {
      "type": "Feature",
      "properties": {
        "@id": "way/159295509",
        "attraction": "carousel",
        "name": "Le Lutin Park",
        "tourism": "attraction",
        "@geometry": "center"
      },
      "geometry": {
        "type": "Point",
        "coordinates": [
          4.3859519,
          45.44142
        ]
      },
      "id": "way/159295509"
    },
    {
      "type": "Feature",
      "properties": {
        "@id": "way/160014921",
        "electrified": "no",
        "name": "Petit Train",
        "railway": "miniature",
        "source": "Local_survey",
        "tourism": "attraction",
        "@geometry": "center"
      },
      "geometry": {
        "type": "Point",
        "coordinates": [
          4.3622413,
          45.4741874
        ]
      },
      "id": "way/160014921"
    },
    {
      "type": "Feature",
      "properties": {
        "@id": "way/161467265",
        "building": "roof",
        "building:levels": "1",
        "heritage": "3",
        "heritage:operator": "mhs",
        "leisure": "bandstand",
        "mhs:inscription_date": "1987-02-02",
        "name": "Kiosque à musique de Marengo",
        "ref:mhs": "PA00117602",
        "roof:shape": "cone",
        "wall": "no",
        "wheelchair": "no",
        "wikidata": "Q22967328",
        "wikimedia_commons": "Category:Kiosque à musique de Marengo",
        "wikipedia": "fr:Kiosque à musique de Marengo",
        "@geometry": "center"
      },
      "geometry": {
        "type": "Point",
        "coordinates": [
          4.3868826,
          45.4415853
        ]
      },
      "id": "way/161467265"
    },
    {
      "type": "Feature",
      "properties": {
        "@id": "way/163386173",
        "area": "yes",
        "highway": "pedestrian",
        "internet_access": "wlan",
        "internet_access:fee": "no",
        "internet_access:operator": "Ville de Saint-Étienne",
        "internet_access:ssid": "SainteWifi",
        "lit": "yes",
        "name": "Place Roannelle",
        "surface": "asphalt",
        "@geometry": "center"
      },
      "geometry": {
        "type": "Point",
        "coordinates": [
          4.3831807,
          45.4359539
        ]
      },
      "id": "way/163386173"
    },
    {
      "type": "Feature",
      "properties": {
        "@id": "way/167169076",
        "bicycle": "yes",
        "cycleway": "no",
        "foot": "designated",
        "highway": "pedestrian",
        "lit": "yes",
        "name": "Rue Aristide Briand et de la Paix",
        "oneway": "yes",
        "sidewalk": "no",
        "surface": "concrete",
        "@geometry": "center"
      },
      "geometry": {
        "type": "Point",
        "coordinates": [
          4.3864759,
          45.4394532
        ]
      },
      "id": "way/167169076"
    },
    {
      "type": "Feature",
      "properties": {
        "@id": "way/171049140",
        "area": "yes",
        "highway": "pedestrian",
        "lit": "yes",
        "name": "Place de la Manufacture d'Armes",
        "surface": "sett",
        "@geometry": "center"
      },
      "geometry": {
        "type": "Point",
        "coordinates": [
          4.3845202,
          45.4502083
        ]
      },
      "id": "way/171049140"
    },
    {
      "type": "Feature",
      "properties": {
        "@id": "way/171077488",
        "name": "Place Alexandre Vittone",
        "place": "square",
        "@geometry": "center"
      },
      "geometry": {
        "type": "Point",
        "coordinates": [
          4.3813354,
          45.4456029
        ]
      },
      "id": "way/171077488"
    },
    {
      "type": "Feature",
      "properties": {
        "@id": "way/172156092",
        "alt_name": "Tour Geipel",
        "architect": "Finn Geipel",
        "building": "yes",
        "height": "31",
        "man_made": "tower",
        "name": "Tour observatoire",
        "tourism": "viewpoint",
        "tower:construction": "lattice",
        "tower:type": "observation",
        "@geometry": "center"
      },
      "geometry": {
        "type": "Point",
        "coordinates": [
          4.3854336,
          45.4508959
        ]
      },
      "id": "way/172156092"
    },
    {
      "type": "Feature",
      "properties": {
        "@id": "way/173133296",
        "area": "yes",
        "artwork_type": "installation",
        "name": "Crêt des 6 Soleils",
        "tourism": "artwork",
        "@geometry": "center"
      },
      "geometry": {
        "type": "Point",
        "coordinates": [
          4.3723384,
          45.4498487
        ]
      },
      "id": "way/173133296"
    },
    {
      "type": "Feature",
      "properties": {
        "@id": "way/203706418",
        "bicycle": "yes",
        "cycleway": "no",
        "foot": "designated",
        "highway": "pedestrian",
        "lit": "yes",
        "name": "Rue Louis Braille",
        "sidewalk": "no",
        "surface": "concrete",
        "@geometry": "center"
      },
      "geometry": {
        "type": "Point",
        "coordinates": [
          4.3887608,
          45.4391725
        ]
      },
      "id": "way/203706418"
    },
    {
      "type": "Feature",
      "properties": {
        "@id": "way/203973174",
        "addr:city": "Saint-Étienne",
        "addr:housenumber": "10",
        "addr:postcode": "42100",
        "addr:street": "Rue Tréfilerie",
        "building": "university",
        "building:levels": "4",
        "name": "Maison de l'Université",
        "operator": "Université Jean Monnet",
        "@geometry": "center"
      },
      "geometry": {
        "type": "Point",
        "coordinates": [
          4.3926425,
          45.4247378
        ]
      },
      "id": "way/203973174"
    },
    {
      "type": "Feature",
      "properties": {
        "@id": "way/204661825",
        "area": "yes",
        "highway": "pedestrian",
        "name": "Place Jean Doron",
        "surface": "sett",
        "@geometry": "center"
      },
      "geometry": {
        "type": "Point",
        "coordinates": [
          4.402909,
          45.4396566
        ]
      },
      "id": "way/204661825"
    },
    {
      "type": "Feature",
      "properties": {
        "@id": "way/209329668",
        "alt_name": "Square Waldeck Rousseau",
        "highway": "pedestrian",
        "name": "Place Waldeck Rousseau",
        "ref:FR:FANTOIR": "422189150",
        "surface": "paving_stones",
        "@geometry": "center"
      },
      "geometry": {
        "type": "Point",
        "coordinates": [
          4.3882169,
          45.4343721
        ]
      },
      "id": "way/209329668"
    },
    {
      "type": "Feature",
      "properties": {
        "@id": "way/210650069",
        "bicycle": "yes",
        "cycleway:both": "no",
        "highway": "pedestrian",
        "lit": "yes",
        "maxspeed": "30",
        "motor_vehicle": "private",
        "name": "Rue du 4 Septembre",
        "oneway": "yes",
        "oneway:bicycle": "no",
        "sidewalk": "both",
        "source:maxspeed": "FR:zone30",
        "surface": "asphalt",
        "@geometry": "center"
      },
      "geometry": {
        "type": "Point",
        "coordinates": [
          4.3848713,
          45.4412907
        ]
      },
      "id": "way/210650069"
    },
    {
      "type": "Feature",
      "properties": {
        "@id": "way/210650070",
        "bicycle": "yes",
        "cycleway:both": "no",
        "highway": "pedestrian",
        "lit": "yes",
        "maxspeed": "30",
        "motor_vehicle": "private",
        "name": "Place Jean Jaurès",
        "oneway": "yes",
        "oneway:bicycle": "no",
        "source:maxspeed": "FR:zone30",
        "surface": "asphalt",
        "@geometry": "center"
      },
      "geometry": {
        "type": "Point",
        "coordinates": [
          4.3854669,
          45.4407543
        ]
      },
      "id": "way/210650070"
    },
    {
      "type": "Feature",
      "properties": {
        "@id": "way/211085367",
        "addr:housenumber": "8",
        "addr:street": "Rue Calixte Plotton",
        "building": "yes",
        "check_date": "2023-09-14",
        "contact:email": "explora@saint-etienne.fr",
        "contact:phone": "+33 4 77 42 02 78",
        "fee": "yes",
        "museum": "science",
        "name": "Explora",
        "operator": "La Rotonde",
        "operator:type": "public",
        "source": "cadastre-dgi-fr source : Direction Générale des Impôts - Cadastre. Mise à jour : 2010",
        "tourism": "museum",
        "website": "https://explora.saint-etienne.fr/",
        "@geometry": "center"
      },
      "geometry": {
        "type": "Point",
        "coordinates": [
          4.3752121,
          45.4355931
        ]
      },
      "id": "way/211085367"
    },
    {
      "type": "Feature",
      "properties": {
        "@id": "way/211460235",
        "bicycle": "yes",
        "foot": "yes",
        "highway": "pedestrian",
        "lit": "yes",
        "motor_vehicle": "private",
        "name": "Allée Marcel Gonin",
        "surface": "sett",
        "@geometry": "center"
      },
      "geometry": {
        "type": "Point",
        "coordinates": [
          4.3849496,
          45.4502697
        ]
      },
      "id": "way/211460235"
    },
    {
      "type": "Feature",
      "properties": {
        "@id": "way/220719555",
        "access": "private",
        "bicycle": "yes",
        "foot": "yes",
        "highway": "pedestrian",
        "lit": "yes",
        "motor_vehicle": "private",
        "name": "Rue Claudius Ravachol",
        "surface": "gravel",
        "@geometry": "center"
      },
      "geometry": {
        "type": "Point",
        "coordinates": [
          4.3880648,
          45.4506973
        ]
      },
      "id": "way/220719555"
    },
    {
      "type": "Feature",
      "properties": {
        "@id": "way/220768145",
        "highway": "pedestrian",
        "lit": "yes",
        "name": "Rue Jean Rechatin",
        "smoothness": "intermediate",
        "surface": "concrete",
        "@geometry": "center"
      },
      "geometry": {
        "type": "Point",
        "coordinates": [
          4.3884588,
          45.4500692
        ]
      },
      "id": "way/220768145"
    },
    {
      "type": "Feature",
      "properties": {
        "@id": "way/220768146",
        "bicycle": "yes",
        "highway": "pedestrian",
        "name": "Passage Georges Tautel",
        "surface": "paving_stones",
        "@geometry": "center"
      },
      "geometry": {
        "type": "Point",
        "coordinates": [
          4.3867601,
          45.4513705
        ]
      },
      "id": "way/220768146"
    },
    {
      "type": "Feature",
      "properties": {
        "@id": "way/220772437",
        "bicycle": "yes",
        "cycleway": "track",
        "highway": "pedestrian",
        "lit": "yes",
        "motor_vehicle": "no",
        "name": "Rue Marius Patinaud",
        "surface": "sett",
        "@geometry": "center"
      },
      "geometry": {
        "type": "Point",
        "coordinates": [
          4.3865748,
          45.4511701
        ]
      },
      "id": "way/220772437"
    },
    {
      "type": "Feature",
      "properties": {
        "@id": "way/221181322",
        "bicycle": "yes",
        "cycleway": "track",
        "highway": "pedestrian",
        "name": "Allée de Geltendorf",
        "@geometry": "center"
      },
      "geometry": {
        "type": "Point",
        "coordinates": [
          4.4193818,
          45.42146
        ]
      },
      "id": "way/221181322"
    },
    {
      "type": "Feature",
      "properties": {
        "@id": "way/223136440",
        "area": "yes",
        "check_date:surface": "2025-11-12",
        "highway": "pedestrian",
        "lit": "yes",
        "name": "Place Ferdinand Buisson",
        "surface": "paved",
        "@geometry": "center"
      },
      "geometry": {
        "type": "Point",
        "coordinates": [
          4.3865524,
          45.4277007
        ]
      },
      "id": "way/223136440"
    },
    {
      "type": "Feature",
      "properties": {
        "@id": "way/225620224",
        "amenity": "community_centre",
        "building": "civic",
        "building:levels": "1",
        "check_date": "2026-05-20",
        "check_date:opening_hours": "2026-05-20",
        "name": "Mille Club",
        "opening_hours:signed": "no",
        "roof:levels": "0",
        "@geometry": "center"
      },
      "geometry": {
        "type": "Point",
        "coordinates": [
          4.3897987,
          45.4443812
        ]
      },
      "id": "way/225620224"
    },
    {
      "type": "Feature",
      "properties": {
        "@id": "way/233219845",
        "highway": "pedestrian",
        "name": "Passage de l'Abbé Étienne Chauve",
        "@geometry": "center"
      },
      "geometry": {
        "type": "Point",
        "coordinates": [
          4.3754435,
          45.4407967
        ]
      },
      "id": "way/233219845"
    },
    {
      "type": "Feature",
      "properties": {
        "@id": "way/235446579",
        "building": "university",
        "name": "Amphithéâtre F101",
        "source": "cadastre-dgi-fr source : Direction Générale des Impôts - Cadastre. Mise à jour : 2010",
        "@geometry": "center"
      },
      "geometry": {
        "type": "Point",
        "coordinates": [
          4.4253607,
          45.4237172
        ]
      },
      "id": "way/235446579"
    },
    {
      "type": "Feature",
      "properties": {
        "@id": "way/235837142",
        "amenity": "place_of_worship",
        "building": "chapel",
        "denomination": "catholic",
        "name": "Chapelle Notre-Dame-de-Pitié",
        "ref:clochers.org": "42223_1",
        "religion": "christian",
        "source": "cadastre-dgi-fr source : Direction Générale des Finances Publiques - Cadastre. Mise à jour : 2013",
        "wikidata": "Q60357162",
        "@geometry": "center"
      },
      "geometry": {
        "type": "Point",
        "coordinates": [
          4.334172,
          45.446366
        ]
      },
      "id": "way/235837142"
    },
    {
      "type": "Feature",
      "properties": {
        "@id": "way/235837853",
        "amenity": "place_of_worship",
        "building": "church",
        "denomination": "catholic",
        "name": "Église Notre-Dame-de-Pitié",
        "ref:clochers.org": "42223a",
        "religion": "christian",
        "source": "cadastre-dgi-fr source : Direction Générale des Finances Publiques - Cadastre. Mise à jour : 2013",
        "wikidata": "Q41766475",
        "@geometry": "center"
      },
      "geometry": {
        "type": "Point",
        "coordinates": [
          4.3340875,
          45.4461035
        ]
      },
      "id": "way/235837853"
    },
    {
      "type": "Feature",
      "properties": {
        "@id": "way/235987271",
        "attraction": "carousel",
        "height": "6",
        "name": "Carrousel 1900",
        "tourism": "attraction",
        "@geometry": "center"
      },
      "geometry": {
        "type": "Point",
        "coordinates": [
          4.38746,
          45.4390225
        ]
      },
      "id": "way/235987271"
    },
    {
      "type": "Feature",
      "properties": {
        "@id": "way/237377784",
        "addr:city": "Saint-Étienne",
        "addr:postcode": "42000",
        "alt_name": "Mosquée El Moustapha de Montreynaud",
        "amenity": "place_of_worship",
        "building": "yes",
        "name": "Mosquée de Montreynaud",
        "religion": "muslim",
        "source": "cadastre-dgi-fr source : Direction Générale des Finances Publiques - Cadastre. Mise à jour : 2013",
        "website": "http://mosqueemontreynaud.com",
        "@geometry": "center"
      },
      "geometry": {
        "type": "Point",
        "coordinates": [
          4.403318,
          45.4714745
        ]
      },
      "id": "way/237377784"
    },
    {
      "type": "Feature",
      "properties": {
        "@id": "way/239213054",
        "highway": "pedestrian",
        "lit": "yes",
        "name": "Place Antonin Moine",
        "oneway": "yes",
        "surface": "sett",
        "@geometry": "center"
      },
      "geometry": {
        "type": "Point",
        "coordinates": [
          4.3913604,
          45.4361444
        ]
      },
      "id": "way/239213054"
    },
    {
      "type": "Feature",
      "properties": {
        "@id": "way/244440758",
        "artist_name": "Paul LANDOWSKI",
        "heritage": "3",
        "heritage:operator": "mhs",
        "historic": "memorial",
        "memorial": "bust",
        "mhs:inscription_date": "2016-03-25",
        "name": "Monument Jacquard",
        "ref:mhs": "PA42000048",
        "source": "cadastre-dgi-fr source : Direction Générale des Impôts - Cadastre. Mise à jour : 2013",
        "source:heritage": "Ministère de la Culture - 07/2018",
        "start_date": "1912",
        "@geometry": "center"
      },
      "geometry": {
        "type": "Point",
        "coordinates": [
          4.381929,
          45.4417495
        ]
      },
      "id": "way/244440758"
    },
    {
      "type": "Feature",
      "properties": {
        "@id": "node/244953708",
        "air_conditioning": "yes",
        "contact:email": "mamcaccueil@saint-etienne-metropole.fr",
        "contact:phone": "+33 4 77 79 52 52",
        "fee": "yes",
        "name": "Musée d'Art moderne et contemporain",
        "opening_hours": "Mo, We-Fr 10:00-18:00; Sa-Su 10:00-18:30",
        "operator": "Saint-Étienne Métropole",
        "operator:wikidata": "Q2986914",
        "ref:FR:museofile": "M1024",
        "tourism": "museum",
        "website": "https://mamc.saint-etienne.fr/",
        "wikidata": "Q3329646",
        "wikipedia": "fr:Musée d'Art moderne et contemporain de Saint-Étienne Métropole"
      },
      "geometry": {
        "type": "Point",
        "coordinates": [
          4.3742124,
          45.4694622
        ]
      },
      "id": "node/244953708"
    },
    {
      "type": "Feature",
      "properties": {
        "@id": "way/250322074",
        "highway": "pedestrian",
        "name": "Allée Denise Bonhomme",
        "surface": "paving_stones",
        "@geometry": "center"
      },
      "geometry": {
        "type": "Point",
        "coordinates": [
          4.4040478,
          45.4414924
        ]
      },
      "id": "way/250322074"
    },
    {
      "type": "Feature",
      "properties": {
        "@id": "way/250756518",
        "highway": "pedestrian",
        "name": "Passage de l'Europe",
        "source": "cadastre-dgi-fr source : Direction Générale des Impôts - Cadastre. Mise à jour : 2013",
        "surface": "tiles",
        "tunnel": "building_passage",
        "@geometry": "center"
      },
      "geometry": {
        "type": "Point",
        "coordinates": [
          4.3880465,
          45.4374964
        ]
      },
      "id": "way/250756518"
    },
    {
      "type": "Feature",
      "properties": {
        "@id": "way/250756519",
        "highway": "pedestrian",
        "lit": "no",
        "name": "Passage de l'Europe",
        "source": "cadastre-dgi-fr source : Direction Générale des Impôts - Cadastre. Mise à jour : 2013",
        "surface": "asphalt",
        "@geometry": "center"
      },
      "geometry": {
        "type": "Point",
        "coordinates": [
          4.3883766,
          45.4375537
        ]
      },
      "id": "way/250756519"
    },
    {
      "type": "Feature",
      "properties": {
        "@id": "way/250756520",
        "highway": "pedestrian",
        "lit": "no",
        "name": "Passage de l'Europe",
        "source": "cadastre-dgi-fr source : Direction Générale des Impôts - Cadastre. Mise à jour : 2013",
        "surface": "paving_stones",
        "@geometry": "center"
      },
      "geometry": {
        "type": "Point",
        "coordinates": [
          4.3877011,
          45.4374356
        ]
      },
      "id": "way/250756520"
    },
    {
      "type": "Feature",
      "properties": {
        "@id": "way/250757151",
        "highway": "pedestrian",
        "lit": "yes",
        "name": "Passage Sainte-Catherine",
        "source": "cadastre-dgi-fr source : Direction Générale des Impôts - Cadastre. Mise à jour : 2013",
        "surface": "asphalt",
        "@geometry": "center"
      },
      "geometry": {
        "type": "Point",
        "coordinates": [
          4.3879339,
          45.4370627
        ]
      },
      "id": "way/250757151"
    },
    {
      "type": "Feature",
      "properties": {
        "@id": "way/250757153",
        "highway": "pedestrian",
        "name": "Passage Sainte-Catherine",
        "source": "cadastre-dgi-fr source : Direction Générale des Impôts - Cadastre ; mise à jour : 2013",
        "surface": "asphalt",
        "tunnel": "building_passage",
        "@geometry": "center"
      },
      "geometry": {
        "type": "Point",
        "coordinates": [
          4.3882781,
          45.4371582
        ]
      },
      "id": "way/250757153"
    },
    {
      "type": "Feature",
      "properties": {
        "@id": "way/256196759",
        "alt_name": "Square Waldeck Rousseau",
        "bicycle": "yes",
        "check_date:surface": "2021-12-16",
        "highway": "pedestrian",
        "lit": "yes",
        "name": "Place Waldeck Rousseau",
        "ref:FR:FANTOIR": "422189150",
        "surface": "paved",
        "surface:note": "pavé auto bloquants et asphalte",
        "@geometry": "center"
      },
      "geometry": {
        "type": "Point",
        "coordinates": [
          4.3880693,
          45.4347348
        ]
      },
      "id": "way/256196759"
    },
    {
      "type": "Feature",
      "properties": {
        "@id": "way/258749521",
        "highway": "pedestrian",
        "internet_access": "wlan",
        "internet_access:fee": "no",
        "internet_access:operator": "Ville de Saint-Étienne",
        "internet_access:ssid": "SainteWifi",
        "lit": "yes",
        "name": "Rue des Martyrs de Vingré",
        "surface": "sett",
        "@geometry": "center"
      },
      "geometry": {
        "type": "Point",
        "coordinates": [
          4.3902521,
          45.4357377
        ]
      },
      "id": "way/258749521"
    },
    {
      "type": "Feature",
      "properties": {
        "@id": "way/259552097",
        "area": "yes",
        "highway": "pedestrian",
        "lit": "yes",
        "name": "Place Maxime Gorki",
        "source": "cadastre-dgi-fr source : Direction Générale des Impôts - Cadastre. Mise à jour : 2014",
        "surface": "sett",
        "@geometry": "center"
      },
      "geometry": {
        "type": "Point",
        "coordinates": [
          4.3914283,
          45.4358402
        ]
      },
      "id": "way/259552097"
    },
    {
      "type": "Feature",
      "properties": {
        "@id": "way/262557975",
        "highway": "pedestrian",
        "name": "Impasse de Panassa",
        "@geometry": "center"
      },
      "geometry": {
        "type": "Point",
        "coordinates": [
          4.3812713,
          45.4362522
        ]
      },
      "id": "way/262557975"
    },
    {
      "type": "Feature",
      "properties": {
        "@id": "way/262640015",
        "highway": "pedestrian",
        "lit": "no",
        "name": "Passage Saint-Barthélémy",
        "source": "cadastre-dgi-fr source : Direction Générale des Impôts - Cadastre. Mise à jour : 2014",
        "surface": "asphalt",
        "@geometry": "center"
      },
      "geometry": {
        "type": "Point",
        "coordinates": [
          4.3898893,
          45.4406289
        ]
      },
      "id": "way/262640015"
    },
    {
      "type": "Feature",
      "properties": {
        "@id": "way/262640016",
        "highway": "pedestrian",
        "lit": "no",
        "name": "Passage Saint-Barthélémy",
        "source": "cadastre-dgi-fr source : Direction Générale des Impôts - Cadastre. Mise à jour : 2014",
        "surface": "asphalt",
        "tunnel": "building_passage",
        "@geometry": "center"
      },
      "geometry": {
        "type": "Point",
        "coordinates": [
          4.3899511,
          45.4406893
        ]
      },
      "id": "way/262640016"
    },
    {
      "type": "Feature",
      "properties": {
        "@id": "way/262640021",
        "cycleway:both": "track",
        "cycleway:both:oneway": "no",
        "cycleway:both:segregated": "no",
        "highway": "pedestrian",
        "lit": "yes",
        "name": "Passage Saint-Barthélémy",
        "sidewalk": "both",
        "source": "cadastre-dgi-fr source : Direction Générale des Impôts - Cadastre. Mise à jour : 2014",
        "surface": "asphalt",
        "@geometry": "center"
      },
      "geometry": {
        "type": "Point",
        "coordinates": [
          4.3902562,
          45.4409916
        ]
      },
      "id": "way/262640021"
    },
    {
      "type": "Feature",
      "properties": {
        "@id": "way/263954185",
        "name": "Espace Maurice Genevoix",
        "old_name": "Place au Caillou",
        "place": "square",
        "@geometry": "center"
      },
      "geometry": {
        "type": "Point",
        "coordinates": [
          4.3804017,
          45.4399095
        ]
      },
      "id": "way/263954185"
    },
    {
      "type": "Feature",
      "properties": {
        "@id": "way/265959207",
        "bicycle": "yes",
        "highway": "pedestrian",
        "name": "Esplanade Jacques Bonnaval",
        "surface": "paving_stones",
        "@geometry": "center"
      },
      "geometry": {
        "type": "Point",
        "coordinates": [
          4.3858192,
          45.4504099
        ]
      },
      "id": "way/265959207"
    },
    {
      "type": "Feature",
      "properties": {
        "@id": "way/275579252",
        "name": "Place de l'Église",
        "place": "square",
        "@geometry": "center"
      },
      "geometry": {
        "type": "Point",
        "coordinates": [
          4.378237,
          45.4855314
        ]
      },
      "id": "way/275579252"
    },
    {
      "type": "Feature",
      "properties": {
        "@id": "way/307690606",
        "foot": "yes",
        "name": "Place Général de Lafayette",
        "place": "square",
        "@geometry": "center"
      },
      "geometry": {
        "type": "Point",
        "coordinates": [
          4.4037808,
          45.4420102
        ]
      },
      "id": "way/307690606"
    },
    {
      "type": "Feature",
      "properties": {
        "@id": "way/319669366",
        "area": "yes",
        "highway": "pedestrian",
        "name": "Place Jean-François Gonon",
        "surface": "paving_stones",
        "@geometry": "center"
      },
      "geometry": {
        "type": "Point",
        "coordinates": [
          4.3816564,
          45.4367096
        ]
      },
      "id": "way/319669366"
    },
    {
      "type": "Feature",
      "properties": {
        "@id": "node/335773060",
        "name": "La Ricamarie",
        "official_name": "La Ricamarie",
        "operator": "SNCF Gares & Connexions",
        "operator:wikidata": "Q3098278",
        "operator:wikipedia": "fr:SNCF Gares & Connexions",
        "public_transport": "station",
        "railway": "station",
        "railway:ref": "LRM",
        "ref:FR:sncf:resarail": "FRHIL",
        "source": "SNCF - 06/2013",
        "train": "yes",
        "uic_ref": "8772670",
        "wheelchair": "yes",
        "wikidata": "Q3096803",
        "wikipedia": "fr:Gare de La Ricamarie"
      },
      "geometry": {
        "type": "Point",
        "coordinates": [
          4.3604059,
          45.4040862
        ]
      },
      "id": "node/335773060"
    },
    {
      "type": "Feature",
      "properties": {
        "@id": "way/342708872",
        "alt_name": "Hôtel Hatier",
        "building": "commercial",
        "building:levels": "3",
        "heritage": "3",
        "heritage:operator": "mhs",
        "mhs:inscription_date": "1989-03-29",
        "name": "Maison Hatier",
        "old_name": "Hôtel Subit-Gouyon",
        "ref:mhs": "PA00117688",
        "source:heritage": "Ministère de la Culture - 2023-01",
        "wikidata": "Q22967429",
        "wikimedia_commons": "Category:Hôtel Subit-Gouyon",
        "wikipedia": "fr:Hôtel Subit-Gouyon",
        "@geometry": "center"
      },
      "geometry": {
        "type": "Point",
        "coordinates": [
          4.3984186,
          45.4390287
        ]
      },
      "id": "way/342708872"
    },
    {
      "type": "Feature",
      "properties": {
        "@id": "way/353665060",
        "addr:housenumber": "10",
        "addr:postcode": "42000",
        "addr:street": "Rue François Albert",
        "amenity": "social_facility",
        "building": "yes",
        "name": "Établissement d'Hébergement pour Personnes Âgées Dépendantes Stéphane Hessel",
        "phone": "+33 4 77 34 47 80",
        "ref:FR:FINESS": "420013997",
        "ref:FR:SIRET": "77568030902922",
        "short_name": "ÉHPAD Stéphane Hessel",
        "social_facility": "nursing_home",
        "social_facility:for": "senior",
        "source": "cadastre-dgi-fr source : Direction Générale des Impôts - Cadastre. Mise à jour : 2015",
        "type:FR:FINESS": "500",
        "wikidata": "Q112997749",
        "@geometry": "center"
      },
      "geometry": {
        "type": "Point",
        "coordinates": [
          4.3991298,
          45.446156
        ]
      },
      "id": "way/353665060"
    },
    {
      "type": "Feature",
      "properties": {
        "@id": "way/362356978",
        "area": "yes",
        "bicycle": "yes",
        "cycleway": "no",
        "foot": "yes",
        "highway": "pedestrian",
        "motor_vehicle": "no",
        "name": "Rue Marcel Thibaud",
        "sidewalk": "no",
        "surface": "concrete",
        "@geometry": "center"
      },
      "geometry": {
        "type": "Point",
        "coordinates": [
          4.3879089,
          45.4458177
        ]
      },
      "id": "way/362356978"
    },
    {
      "type": "Feature",
      "properties": {
        "@id": "way/375700769",
        "description": "Statue type \"Christ en majesté\"",
        "historic": "memorial",
        "inscription": "Pax Christi in Regno Christi;Mémorial du XIXe centenaire de la Rédemption 1933-34",
        "memorial": "statue",
        "memorial:text": "Pax Christi in regno Christi",
        "name": "Croix du Guizay",
        "@geometry": "center"
      },
      "geometry": {
        "type": "Point",
        "coordinates": [
          4.3995088,
          45.3956787
        ]
      },
      "id": "way/375700769"
    },
    {
      "type": "Feature",
      "properties": {
        "@id": "way/377707516",
        "artist_name": "Joseph-Michel Caillé",
        "artwork_type": "statue",
        "name": "L'homme à la panthère",
        "start_date": "1872",
        "tourism": "artwork",
        "wikimedia_commons": "File:L'homme à la panthère - Joseph-Michel Caillé.jpg",
        "@geometry": "center"
      },
      "geometry": {
        "type": "Point",
        "coordinates": [
          4.3864048,
          45.4368973
        ]
      },
      "id": "way/377707516"
    },
    {
      "type": "Feature",
      "properties": {
        "@id": "way/386367489",
        "addr:housenumber": "3",
        "addr:street": "Rue Ambroise Paré",
        "amenity": "social_facility",
        "building": "yes",
        "name": "Résidence Mutualiste Bellevue",
        "phone": "+33 4 28 04 10 20",
        "ref:FR:FINESS": "420012403",
        "ref:FR:SIRET": "77560243600716",
        "social_facility": "nursing_home",
        "social_facility:for": "senior",
        "source": "Le ministère des solidarités et de la santé - 03/2019",
        "type:FR:FINESS": "500",
        "website": "https://www.aesio-sante.fr/residence-mutualiste-bellevue/",
        "wikidata": "Q112940511",
        "@geometry": "center"
      },
      "geometry": {
        "type": "Point",
        "coordinates": [
          4.3910632,
          45.4109399
        ]
      },
      "id": "way/386367489"
    },
    {
      "type": "Feature",
      "properties": {
        "@id": "way/394955775",
        "access": "destination",
        "bicycle": "yes",
        "foot": "yes",
        "highway": "pedestrian",
        "lit": "yes",
        "name": "Impasse Gabriel Fauré",
        "service": "alley",
        "sidewalk": "no",
        "surface": "fine_gravel",
        "@geometry": "center"
      },
      "geometry": {
        "type": "Point",
        "coordinates": [
          4.4063897,
          45.422493
        ]
      },
      "id": "way/394955775"
    },
    {
      "type": "Feature",
      "properties": {
        "@id": "way/400201210",
        "alt_name": "Passage Philippon",
        "highway": "pedestrian",
        "lit": "yes",
        "name": "Rue Philippon",
        "ref:FR:FANTOIR": "422187020",
        "surface": "sett",
        "@geometry": "center"
      },
      "geometry": {
        "type": "Point",
        "coordinates": [
          4.388227,
          45.4349517
        ]
      },
      "id": "way/400201210"
    },
    {
      "type": "Feature",
      "properties": {
        "@id": "way/400482384",
        "highway": "pedestrian",
        "lit": "yes",
        "name": "Rue Notre-Dame",
        "source": "cadastre-dgi-fr source : Direction Générale des Impôts - Cadastre ; mise à jour : 2008",
        "surface": "sett",
        "@geometry": "center"
      },
      "geometry": {
        "type": "Point",
        "coordinates": [
          4.3908278,
          45.4357282
        ]
      },
      "id": "way/400482384"
    },
    {
      "type": "Feature",
      "properties": {
        "@id": "way/400669058",
        "area": "yes",
        "highway": "pedestrian",
        "name": "Place Valbenoite",
        "@geometry": "center"
      },
      "geometry": {
        "type": "Point",
        "coordinates": [
          4.39817,
          45.4223146
        ]
      },
      "id": "way/400669058"
    },
    {
      "type": "Feature",
      "properties": {
        "@id": "way/410990934",
        "alt_name": "Centre National de prévention des cancers",
        "building": "hospital",
        "healthcare:speciality": "oncology",
        "name": "Centre Hygée",
        "source": "cadastre-dgi-fr source : Direction Générale des Finances Publiques - Cadastre. Mise à jour : 2016",
        "@geometry": "center"
      },
      "geometry": {
        "type": "Point",
        "coordinates": [
          4.361003,
          45.4798375
        ]
      },
      "id": "way/410990934"
    },
    {
      "type": "Feature",
      "properties": {
        "@id": "way/421883958",
        "architect": "Jean-Benjamin Maneval",
        "artwork_type": "architecture",
        "building": "house",
        "building:colour": "white",
        "building:levels": "1",
        "material": "plastic",
        "name": "Bulle six coques",
        "name:en": "Six shells bubble",
        "start_date": "1964",
        "tourism": "artwork",
        "@geometry": "center"
      },
      "geometry": {
        "type": "Point",
        "coordinates": [
          4.3845349,
          45.4500458
        ]
      },
      "id": "way/421883958"
    },
    {
      "type": "Feature",
      "properties": {
        "@id": "way/439659705",
        "area": "yes",
        "highway": "pedestrian",
        "internet_access": "wlan",
        "internet_access:fee": "no",
        "internet_access:operator": "Ville de Saint-Étienne",
        "internet_access:ssid": "SainteWifi",
        "lit": "yes",
        "name": "Place Lucien Neuwirth",
        "surface": "paving_stones",
        "@geometry": "center"
      },
      "geometry": {
        "type": "Point",
        "coordinates": [
          4.4002541,
          45.4428692
        ]
      },
      "id": "way/439659705"
    },
    {
      "type": "Feature",
      "properties": {
        "@id": "way/454480071",
        "highway": "pedestrian",
        "lit": "yes",
        "name": "Rue Jean Rechatin",
        "smoothness": "intermediate",
        "surface": "concrete",
        "@geometry": "center"
      },
      "geometry": {
        "type": "Point",
        "coordinates": [
          4.3870977,
          45.4498829
        ]
      },
      "id": "way/454480071"
    },
    {
      "type": "Feature",
      "properties": {
        "@id": "way/472048516",
        "building": "university",
        "building:levels": "1",
        "name": "Bâtiment K",
        "@geometry": "center"
      },
      "geometry": {
        "type": "Point",
        "coordinates": [
          4.3917259,
          45.4269173
        ]
      },
      "id": "way/472048516"
    },
    {
      "type": "Feature",
      "properties": {
        "@id": "way/472048517",
        "building": "university",
        "name": "Bâtiment L",
        "operator": "Université Jean Monnet",
        "wheelchair": "yes",
        "@geometry": "center"
      },
      "geometry": {
        "type": "Point",
        "coordinates": [
          4.3921922,
          45.4262802
        ]
      },
      "id": "way/472048517"
    },
    {
      "type": "Feature",
      "properties": {
        "@id": "way/472048849",
        "building": "university",
        "building:levels": "1",
        "name": "Bâtiment S",
        "operator": "Université Jean Monnet",
        "wheelchair": "yes",
        "@geometry": "center"
      },
      "geometry": {
        "type": "Point",
        "coordinates": [
          4.3920812,
          45.4265991
        ]
      },
      "id": "way/472048849"
    },
    {
      "type": "Feature",
      "properties": {
        "@id": "way/472049240",
        "building": "university",
        "building:levels": "1",
        "name": "Bâtiment H",
        "operator": "Université Jean Monnet",
        "wheelchair": "yes",
        "@geometry": "center"
      },
      "geometry": {
        "type": "Point",
        "coordinates": [
          4.3917379,
          45.4264977
        ]
      },
      "id": "way/472049240"
    },
    {
      "type": "Feature",
      "properties": {
        "@id": "way/473336256",
        "building": "university",
        "name": "Bâtiment B",
        "operator": "Université Jean Monnet",
        "@geometry": "center"
      },
      "geometry": {
        "type": "Point",
        "coordinates": [
          4.3875913,
          45.4273277
        ]
      },
      "id": "way/473336256"
    },
    {
      "type": "Feature",
      "properties": {
        "@id": "way/473336257",
        "building": "university",
        "building:levels": "3",
        "name": "Bâtiment A",
        "operator": "Université Jean Monnet",
        "@geometry": "center"
      },
      "geometry": {
        "type": "Point",
        "coordinates": [
          4.3876628,
          45.4267947
        ]
      },
      "id": "way/473336257"
    },
    {
      "type": "Feature",
      "properties": {
        "@id": "way/473528226",
        "building": "university",
        "building:levels": "1",
        "name": "Loge Tréfilerie",
        "@geometry": "center"
      },
      "geometry": {
        "type": "Point",
        "coordinates": [
          4.3920059,
          45.4268647
        ]
      },
      "id": "way/473528226"
    },
    {
      "type": "Feature",
      "properties": {
        "@id": "way/484047097",
        "description": "Cendrier de cheminée de l'ancienne Manufacture Nationale d'Armes de Saint-Étienne",
        "historic": "ruins",
        "wikimedia_commons": "File:Saint Étienne-Manufacture Nationale d'Armes-Cendrier de la cheminée-20130330.jpg",
        "@geometry": "center"
      },
      "geometry": {
        "type": "Point",
        "coordinates": [
          4.3890855,
          45.4488564
        ]
      },
      "id": "way/484047097"
    },
    {
      "type": "Feature",
      "properties": {
        "@id": "node/486433073",
        "historic": "wayside_cross",
        "name": "Croix du Perthuis"
      },
      "geometry": {
        "type": "Point",
        "coordinates": [
          4.4294062,
          45.4130329
        ]
      },
      "id": "node/486433073"
    },
    {
      "type": "Feature",
      "properties": {
        "@id": "node/493763148",
        "historic": "wayside_cross",
        "source": "cadastre-dgi-fr source : Direction Générale des Impôts - Cadastre ; mise à jour : 2009"
      },
      "geometry": {
        "type": "Point",
        "coordinates": [
          4.4272732,
          45.4212661
        ]
      },
      "id": "node/493763148"
    },
    {
      "type": "Feature",
      "properties": {
        "@id": "way/498920816",
        "bridge": "yes",
        "heritage": "3",
        "heritage:operator": "mhs",
        "highway": "footway",
        "historic": "bridge",
        "layer": "1",
        "mhs:inscription_date": "2001-10-04",
        "name": "Pont du premier chemin de fer",
        "ref:mhs": "PA42000008;PA42000009",
        "source:heritage": "data.gouv.fr, Ministère de la Culture - 2016",
        "start_date": "1827",
        "wikidata": "Q22996889",
        "@geometry": "center"
      },
      "geometry": {
        "type": "Point",
        "coordinates": [
          4.3703755,
          45.4652334
        ]
      },
      "id": "way/498920816"
    },
    {
      "type": "Feature",
      "properties": {
        "@id": "way/499335246",
        "addr:housenumber": "14",
        "addr:street": "Rue Paul et Pierre Guichard",
        "capacity": "41500",
        "leisure": "stadium",
        "loc_name": "Le Chaudron",
        "name": "Stade Geoffroy-Guichard",
        "operator": "AS Saint-Étienne",
        "sport": "soccer",
        "start_date": "1930",
        "toilets:wheelchair": "yes",
        "wheelchair": "yes",
        "wikidata": "Q861000",
        "wikipedia": "fr:Stade Geoffroy-Guichard",
        "@geometry": "center"
      },
      "geometry": {
        "type": "Point",
        "coordinates": [
          4.3901337,
          45.4607652
        ]
      },
      "id": "way/499335246"
    },
    {
      "type": "Feature",
      "properties": {
        "@id": "way/505239985",
        "name": "Place Jean-Baptiste Dumay",
        "place": "square",
        "@geometry": "center"
      },
      "geometry": {
        "type": "Point",
        "coordinates": [
          4.401628,
          45.4489437
        ]
      },
      "id": "way/505239985"
    },
    {
      "type": "Feature",
      "properties": {
        "@id": "way/529434690",
        "highway": "pedestrian",
        "lit": "yes",
        "name": "Place du Peuple",
        "source": "survey",
        "surface": "paving_stones",
        "@geometry": "center"
      },
      "geometry": {
        "type": "Point",
        "coordinates": [
          4.3875366,
          45.43601
        ]
      },
      "id": "way/529434690"
    },
    {
      "type": "Feature",
      "properties": {
        "@id": "node/542158773",
        "historic": "wayside_cross"
      },
      "geometry": {
        "type": "Point",
        "coordinates": [
          4.4199959,
          45.4158613
        ]
      },
      "id": "node/542158773"
    },
    {
      "type": "Feature",
      "properties": {
        "@id": "way/582878627",
        "amenity": "fountain",
        "artist_name": "Charles Robert Champagny",
        "artwork_type": "statue",
        "barrier": "kerb",
        "name": "L'enfant au masque",
        "start_date": "late C19",
        "tourism": "artwork",
        "@geometry": "center"
      },
      "geometry": {
        "type": "Point",
        "coordinates": [
          4.3890721,
          45.4319724
        ]
      },
      "id": "way/582878627"
    },
    {
      "type": "Feature",
      "properties": {
        "@id": "way/582878628",
        "artist_name": "André César Vermare;M. Varinard des Côtes",
        "description": "Inauguré le 20 mai 1989 par Félix Faure, président de la République, ce monument est le fruit d'une souscription auprès des Stéphanois.",
        "historic": "memorial",
        "memorial": "war_memorial",
        "name": "Monument commémoratif aux combattants de la guerre de 1870",
        "ref:FR:MemorialGenWeb": "153717",
        "start_date": "1898",
        "wikidata": "Q136095784",
        "@geometry": "center"
      },
      "geometry": {
        "type": "Point",
        "coordinates": [
          4.3887408,
          45.4317118
        ]
      },
      "id": "way/582878628"
    },
    {
      "type": "Feature",
      "properties": {
        "@id": "way/582879171",
        "artist_name": "Alfred Rochette",
        "building": "yes",
        "historic": "memorial",
        "inscription": "Louis COMTE 1857-1926, Fondateur de l’œuvre des enfants à la montagne et à la mer __ Pasteur de l'église réformée de Saint-Étienne __ Pionnier de la ligue de la moralité publique __",
        "memorial": "statue",
        "name": "Monument à Louis Comte",
        "subject:wikidata": "Q3261577",
        "subject:wikipedia": "fr:Louis Comte (pasteur)",
        "@geometry": "center"
      },
      "geometry": {
        "type": "Point",
        "coordinates": [
          4.3877031,
          45.4315982
        ]
      },
      "id": "way/582879171"
    },
    {
      "type": "Feature",
      "properties": {
        "@id": "way/582881154",
        "artist_name": "Alfred Rochette",
        "description": "Le monument de la place Fourneyron, inauguré en octobre 1933, rend hommage aux 6 000 Stéphanois morts durant la Première Guerre mondiale.",
        "heritage": "2",
        "heritage:operator": "mhs",
        "historic": "memorial",
        "memorial": "war_memorial",
        "mhs:inscription_date": "2021-12-28",
        "ref:FR:MemorialGenWeb": "153713",
        "ref:mhs": "PA42000051",
        "source:heritage": "Ministère de la Culture - 2023-01",
        "start_date": "1933",
        "wikidata": "Q66724744",
        "@geometry": "center"
      },
      "geometry": {
        "type": "Point",
        "coordinates": [
          4.3963255,
          45.4395584
        ]
      },
      "id": "way/582881154"
    },
    {
      "type": "Feature",
      "properties": {
        "@id": "way/582884442",
        "artist:wikidata": "Q223274",
        "artist:wikipedia": "fr:Auguste Bartholdi",
        "artist_name": "Auguste Bartholdi",
        "artwork_type": "statue",
        "memorial": "yes",
        "name": "Statue de la Liberté",
        "start_date": "1915",
        "subject:wikidata": "Q9202",
        "subject:wikipedia": "fr:Statue de la Liberté",
        "tourism": "artwork",
        "wikidata": "Q124736866",
        "@geometry": "center"
      },
      "geometry": {
        "type": "Point",
        "coordinates": [
          4.3917396,
          45.4241813
        ]
      },
      "id": "way/582884442"
    },
    {
      "type": "Feature",
      "properties": {
        "@id": "way/585489471",
        "alt_name": "Les bébêtes",
        "artist_name": "El Pez",
        "artwork_type": "mural",
        "name": "Rigolade",
        "network": "SAFIR - Street Art Festival In Roche",
        "start_date": "2017",
        "tourism": "artwork",
        "url": "http://www.trompe-l-oeil.info/Murspeints/details.php?image_id=32381",
        "@geometry": "center"
      },
      "geometry": {
        "type": "Point",
        "coordinates": [
          4.3376781,
          45.435741
        ]
      },
      "id": "way/585489471"
    },
    {
      "type": "Feature",
      "properties": {
        "@id": "way/586037500",
        "alt_name": "Portraits stylisés",
        "artist_name": "Goddog",
        "artwork_type": "mural",
        "name": "Homme et Femme",
        "network": "SAFIR - Street Art Festival In Roche",
        "start_date": "2017",
        "tourism": "artwork",
        "url": "http://www.trompe-l-oeil.info/Murspeints/details.php?image_id=32404",
        "@geometry": "center"
      },
      "geometry": {
        "type": "Point",
        "coordinates": [
          4.3374474,
          45.4353851
        ]
      },
      "id": "way/586037500"
    },
    {
      "type": "Feature",
      "properties": {
        "@id": "way/592088799",
        "cycleway:both": "no",
        "highway": "pedestrian",
        "lit": "yes",
        "name": "Rue Jules Ledin",
        "surface": "concrete",
        "@geometry": "center"
      },
      "geometry": {
        "type": "Point",
        "coordinates": [
          4.3830656,
          45.4429967
        ]
      },
      "id": "way/592088799"
    },
    {
      "type": "Feature",
      "properties": {
        "@id": "way/592088801",
        "highway": "pedestrian",
        "lit": "yes",
        "name": "Passage des Rubaniers",
        "surface": "concrete",
        "@geometry": "center"
      },
      "geometry": {
        "type": "Point",
        "coordinates": [
          4.38385,
          45.443123
        ]
      },
      "id": "way/592088801"
    },
    {
      "type": "Feature",
      "properties": {
        "@id": "way/602199325",
        "bicycle": "yes",
        "highway": "pedestrian",
        "lit": "yes",
        "motor_vehicle": "destination",
        "name": "Rue Marcel Thibaud",
        "surface": "asphalt",
        "@geometry": "center"
      },
      "geometry": {
        "type": "Point",
        "coordinates": [
          4.3875495,
          45.4454669
        ]
      },
      "id": "way/602199325"
    },
    {
      "type": "Feature",
      "properties": {
        "@id": "node/614960947",
        "name": "Saint-Étienne Carnot",
        "network": "TER Auvergne-Rhône-Alpes",
        "network:wikidata": "Q41585492",
        "official_name": "Saint-Étienne Carnot",
        "operator": "SNCF Gares & Connexions",
        "operator:wikidata": "Q3098278",
        "operator:wikipedia": "fr:SNCF Gares & Connexions",
        "public_transport": "station",
        "railway": "station",
        "railway:ref": "SEO",
        "ref:FR:sncf:resarail": "FRHJD",
        "train": "yes",
        "uic_ref": "8772690",
        "wikidata": "Q645671",
        "wikipedia": "fr:Gare de Saint-Étienne-Carnot"
      },
      "geometry": {
        "type": "Point",
        "coordinates": [
          4.3853825,
          45.4469009
        ]
      },
      "id": "node/614960947"
    },
    {
      "type": "Feature",
      "properties": {
        "@id": "node/635387484",
        "name": "Bellevue",
        "official_name": "Saint-Étienne Bellevue",
        "operator": "SNCF Gares & Connexions",
        "operator:wikidata": "Q3098278",
        "operator:wikipedia": "fr:SNCF Gares & Connexions",
        "public_transport": "station",
        "railway": "station",
        "railway:ref": "SEB",
        "ref:FR:sncf:resarail": "FRHHI",
        "train": "yes",
        "uic_ref": "8772619",
        "wikidata": "Q2545435"
      },
      "geometry": {
        "type": "Point",
        "coordinates": [
          4.3925174,
          45.4171631
        ]
      },
      "id": "node/635387484"
    },
    {
      "type": "Feature",
      "properties": {
        "@id": "way/654321120",
        "highway": "pedestrian",
        "lit": "yes",
        "name": "Rue Saint-Jean",
        "paving_stones:material": "stone",
        "source": "cadastre-dgi-fr source : Direction Générale des Impôts - Cadastre. Mise à jour : 2012",
        "surface": "paving_stones",
        "@geometry": "center"
      },
      "geometry": {
        "type": "Point",
        "coordinates": [
          4.3895142,
          45.4379795
        ]
      },
      "id": "way/654321120"
    },
    {
      "type": "Feature",
      "properties": {
        "@id": "way/656503428",
        "building": "water_tower",
        "height": "40",
        "man_made": "water_tower",
        "ref:FR:ANFR": "437472",
        "source": "ANFR 08/2019",
        "@geometry": "center"
      },
      "geometry": {
        "type": "Point",
        "coordinates": [
          4.341115,
          45.4422222
        ]
      },
      "id": "way/656503428"
    },
    {
      "type": "Feature",
      "properties": {
        "@id": "node/661339900",
        "artist_name": "Jean-Marc Bonnard",
        "artwork_type": "statue",
        "description": "Fonte de Jean-Marc Bonnard, professeur à l'école des Beaux-Arts de Saint-Étienne. Posée en 1991 pour remplacer la « sphinge » posée en 1916 et volée en 1990.",
        "name": "Sphinx",
        "start_date": "1991",
        "subject:wikidata": "Q6029519",
        "subject:wikipedia": "fr:Sphinx (mythologie égyptienne)",
        "survey:date": "2022-10-01",
        "tourism": "artwork"
      },
      "geometry": {
        "type": "Point",
        "coordinates": [
          4.3878183,
          45.4312851
        ]
      },
      "id": "node/661339900"
    },
    {
      "type": "Feature",
      "properties": {
        "@id": "way/661862968",
        "name": "Place Jean Molin",
        "place": "square",
        "@geometry": "center"
      },
      "geometry": {
        "type": "Point",
        "coordinates": [
          4.3954815,
          45.4593921
        ]
      },
      "id": "way/661862968"
    },
    {
      "type": "Feature",
      "properties": {
        "@id": "way/664510568",
        "electrified": "no",
        "name": "Petit Train",
        "railway": "miniature",
        "source": "Local_survey",
        "tourism": "attraction",
        "@geometry": "center"
      },
      "geometry": {
        "type": "Point",
        "coordinates": [
          4.3626125,
          45.4740427
        ]
      },
      "id": "way/664510568"
    },
    {
      "type": "Feature",
      "properties": {
        "@id": "way/676536526",
        "area": "yes",
        "highway": "pedestrian",
        "name": "Place du Colonel Arnaud Beltrame",
        "surface": "concrete",
        "@geometry": "center"
      },
      "geometry": {
        "type": "Point",
        "coordinates": [
          4.3831581,
          45.4552082
        ]
      },
      "id": "way/676536526"
    },
    {
      "type": "Feature",
      "properties": {
        "@id": "way/695500585",
        "area": "yes",
        "highway": "pedestrian",
        "lit": "yes",
        "name": "Esplanade Robert Herbin",
        "surface": "asphalt",
        "@geometry": "center"
      },
      "geometry": {
        "type": "Point",
        "coordinates": [
          4.3898557,
          45.4591634
        ]
      },
      "id": "way/695500585"
    },
    {
      "type": "Feature",
      "properties": {
        "@id": "node/728919525",
        "historic": "memorial",
        "material": "stone",
        "memorial": "stele"
      },
      "geometry": {
        "type": "Point",
        "coordinates": [
          4.3973044,
          45.426432
        ]
      },
      "id": "node/728919525"
    },
    {
      "type": "Feature",
      "properties": {
        "@id": "way/734244558",
        "area": "yes",
        "description": "En hommage à William Henry Hunt (1860–1951)",
        "highway": "pedestrian",
        "lit": "yes",
        "name": "Place William Hunt",
        "subject:wikidata": "Q8012055",
        "subject:wikimedia_commons": "File:William_Henry_Hunt_(diplomat).jpg",
        "subject:wikipedia": "en:William Henry Hunt (diplomat)",
        "surface": "paving_stones",
        "@geometry": "center"
      },
      "geometry": {
        "type": "Point",
        "coordinates": [
          4.3860288,
          45.4491782
        ]
      },
      "id": "way/734244558"
    },
    {
      "type": "Feature",
      "properties": {
        "@id": "way/754597882",
        "name": "Square Pierre-François Girard",
        "place": "square",
        "@geometry": "center"
      },
      "geometry": {
        "type": "Point",
        "coordinates": [
          4.4021761,
          45.4505616
        ]
      },
      "id": "way/754597882"
    },
    {
      "type": "Feature",
      "properties": {
        "@id": "way/769476714",
        "highway": "pedestrian",
        "name": "Rue de l'Abbaye",
        "@geometry": "center"
      },
      "geometry": {
        "type": "Point",
        "coordinates": [
          4.3981155,
          45.4222758
        ]
      },
      "id": "way/769476714"
    },
    {
      "type": "Feature",
      "properties": {
        "@id": "way/769476715",
        "name": "Place de l'Abbaye",
        "place": "square",
        "@geometry": "center"
      },
      "geometry": {
        "type": "Point",
        "coordinates": [
          4.3985816,
          45.4218628
        ]
      },
      "id": "way/769476715"
    },
    {
      "type": "Feature",
      "properties": {
        "@id": "node/784460204",
        "artwork_type": "sculpture",
        "material": "sandstone",
        "name": "Tricéphale",
        "tourism": "artwork",
        "wikimedia_commons": "File:TricéphaleGrandEglise.png"
      },
      "geometry": {
        "type": "Point",
        "coordinates": [
          4.3856873,
          45.4364323
        ]
      },
      "id": "node/784460204"
    },
    {
      "type": "Feature",
      "properties": {
        "@id": "way/802446252",
        "artist_name": "Viza",
        "artwork_type": "mural",
        "start_date": "2020-05-10",
        "tourism": "artwork",
        "@geometry": "center"
      },
      "geometry": {
        "type": "Point",
        "coordinates": [
          4.3899184,
          45.4325777
        ]
      },
      "id": "way/802446252"
    },
    {
      "type": "Feature",
      "properties": {
        "@id": "way/860998287",
        "name": "Espace Aimé Césaire",
        "place": "square",
        "@geometry": "center"
      },
      "geometry": {
        "type": "Point",
        "coordinates": [
          4.3906918,
          45.4526466
        ]
      },
      "id": "way/860998287"
    },
    {
      "type": "Feature",
      "properties": {
        "@id": "way/906758915",
        "highway": "pedestrian",
        "lit": "yes",
        "name": "Rue Denis Escoffier",
        "surface": "asphalt",
        "@geometry": "center"
      },
      "geometry": {
        "type": "Point",
        "coordinates": [
          4.3892704,
          45.4364172
        ]
      },
      "id": "way/906758915"
    },
    {
      "type": "Feature",
      "properties": {
        "@id": "node/936978823",
        "artist_name": "Gaston Watkin et Henri Paradis",
        "description": "Réplique de la célèbre statue exposée au Musée du Louvre. Elle est apposée sur la façade de l'école Tardy, une inscription rappelle que cette statue est dédiée à la mémoire des maîtres et élèves tués lors du bombardement du 26 mai 1944.",
        "historic": "memorial",
        "memorial": "statue",
        "name": "Victoire de Samothrace",
        "start_date": "1951"
      },
      "geometry": {
        "type": "Point",
        "coordinates": [
          4.383615,
          45.4276115
        ]
      },
      "id": "node/936978823"
    },
    {
      "type": "Feature",
      "properties": {
        "@id": "way/956240094",
        "name": "Place du Bicentenaire",
        "place": "square",
        "@geometry": "center"
      },
      "geometry": {
        "type": "Point",
        "coordinates": [
          4.3934252,
          45.41931
        ]
      },
      "id": "way/956240094"
    },
    {
      "type": "Feature",
      "properties": {
        "@id": "way/964964514",
        "bicycle": "yes",
        "highway": "pedestrian",
        "lit": "yes",
        "name": "Avenue de la Libération",
        "surface": "asphalt",
        "@geometry": "center"
      },
      "geometry": {
        "type": "Point",
        "coordinates": [
          4.3901541,
          45.4372782
        ]
      },
      "id": "way/964964514"
    },
    {
      "type": "Feature",
      "properties": {
        "@id": "way/979562518",
        "addr:housenumber": "2",
        "addr:street": "Cours Victor Hugo",
        "alt_name": "Halles Mazerat",
        "amenity": "food_court",
        "building": "retail",
        "contact:facebook": "https://www.facebook.com/lacommunemazerat/",
        "contact:instagram": "https://www.instagram.com/lacommunemazerat/",
        "contact:website": "https://lacommune.co/saint-etienne/",
        "indoor_seating": "yes",
        "name": "La Commune Mazerat",
        "opening_hours": "Tu-We 11:30-14:00,18:00-24:00; Th 11:30-14:00,18:00-01:00; Fr-Sa 10:30-01:00; Su 12:00-17:00",
        "opening_hours:kitchen": "Tu-We 12:00-14:00,19:00-22:00; Th-Fr 12:00-14:00,19:00-23:00; Sa 12:00-15:30,19:00-23:00; Su 12:00-15:30",
        "operator": "La Commune",
        "outdoor_seating": "yes",
        "ref:FR:SIRET": "99208184400019",
        "toilets": "yes",
        "toilets:access": "customers",
        "wheelchair": "yes",
        "wikidata": "Q111212534",
        "@geometry": "center"
      },
      "geometry": {
        "type": "Point",
        "coordinates": [
          4.38761,
          45.4338441
        ]
      },
      "id": "way/979562518"
    },
    {
      "type": "Feature",
      "properties": {
        "@id": "way/986285659",
        "highway": "pedestrian",
        "name": "Esplanade Jacques Bonnaval",
        "surface": "compacted",
        "@geometry": "center"
      },
      "geometry": {
        "type": "Point",
        "coordinates": [
          4.3859229,
          45.4503993
        ]
      },
      "id": "way/986285659"
    },
    {
      "type": "Feature",
      "properties": {
        "@id": "way/986285660",
        "highway": "pedestrian",
        "name": "Esplanade Jacques Bonnaval",
        "tunnel": "building_passage",
        "@geometry": "center"
      },
      "geometry": {
        "type": "Point",
        "coordinates": [
          4.3860829,
          45.4504209
        ]
      },
      "id": "way/986285660"
    },
    {
      "type": "Feature",
      "properties": {
        "@id": "way/987301018",
        "bicycle": "yes",
        "highway": "pedestrian",
        "name": "Allée de Coventry",
        "surface": "asphalt",
        "@geometry": "center"
      },
      "geometry": {
        "type": "Point",
        "coordinates": [
          4.4179629,
          45.4212516
        ]
      },
      "id": "way/987301018"
    },
    {
      "type": "Feature",
      "properties": {
        "@id": "way/997689483",
        "artist_name": "Viza",
        "artwork_type": "mural",
        "name": "Après la danse du cerf",
        "start_date": "2021-10",
        "tourism": "artwork",
        "@geometry": "center"
      },
      "geometry": {
        "type": "Point",
        "coordinates": [
          4.4063307,
          45.4421207
        ]
      },
      "id": "way/997689483"
    },
    {
      "type": "Feature",
      "properties": {
        "@id": "way/1056874000",
        "amenity": "place_of_worship",
        "building:part": "chapel",
        "denomination": "roman_catholic",
        "email": "42p.unieux@fsspx.fr",
        "name": "Chapelle du Cœur-Immaculé-de-Marie",
        "operator": "Society of Saint Pius X",
        "operator:short": "FSSPX",
        "operator:type": "religious",
        "operator:wikidata": "Q868160",
        "phone": "+33 4 77 40 20 55",
        "religion": "christian",
        "website": "https://laportelatine.org/lieux/unieux/saint-etienne",
        "@geometry": "center"
      },
      "geometry": {
        "type": "Point",
        "coordinates": [
          4.3818478,
          45.4513726
        ]
      },
      "id": "way/1056874000"
    },
    {
      "type": "Feature",
      "properties": {
        "@id": "way/1148923337",
        "name": "Place des Pins",
        "place": "square",
        "@geometry": "center"
      },
      "geometry": {
        "type": "Point",
        "coordinates": [
          4.4245073,
          45.4458279
        ]
      },
      "id": "way/1148923337"
    },
    {
      "type": "Feature",
      "properties": {
        "@id": "way/1148967645",
        "area": "yes",
        "highway": "pedestrian",
        "lit": "yes",
        "name": "Place du Grand Chêne",
        "@geometry": "center"
      },
      "geometry": {
        "type": "Point",
        "coordinates": [
          4.4223928,
          45.4453609
        ]
      },
      "id": "way/1148967645"
    },
    {
      "type": "Feature",
      "properties": {
        "@id": "way/1163595112",
        "building": "university",
        "name": "B",
        "source": "cadastre-dgi-fr source : Direction Générale des Impôts - Cadastre. Mise à jour : 2010",
        "@geometry": "center"
      },
      "geometry": {
        "type": "Point",
        "coordinates": [
          4.4323165,
          45.4231065
        ]
      },
      "id": "way/1163595112"
    },
    {
      "type": "Feature",
      "properties": {
        "@id": "way/1163595113",
        "building": "university",
        "name": "I",
        "source": "cadastre-dgi-fr source : Direction Générale des Impôts - Cadastre. Mise à jour : 2010",
        "@geometry": "center"
      },
      "geometry": {
        "type": "Point",
        "coordinates": [
          4.4313849,
          45.4230182
        ]
      },
      "id": "way/1163595113"
    },
    {
      "type": "Feature",
      "properties": {
        "@id": "way/1163595114",
        "building": "university",
        "name": "G",
        "source": "cadastre-dgi-fr source : Direction Générale des Impôts - Cadastre. Mise à jour : 2023",
        "@geometry": "center"
      },
      "geometry": {
        "type": "Point",
        "coordinates": [
          4.4332094,
          45.4224381
        ]
      },
      "id": "way/1163595114"
    },
    {
      "type": "Feature",
      "properties": {
        "@id": "way/1186709264",
        "name": "Espace Ahmed Benchikh",
        "place": "square",
        "@geometry": "center"
      },
      "geometry": {
        "type": "Point",
        "coordinates": [
          4.3902336,
          45.4421421
        ]
      },
      "id": "way/1186709264"
    },
    {
      "type": "Feature",
      "properties": {
        "@id": "way/1209376214",
        "highway": "pedestrian",
        "lit": "yes",
        "name": "Rue des Fossés",
        "surface": "concrete",
        "@geometry": "center"
      },
      "geometry": {
        "type": "Point",
        "coordinates": [
          4.3873235,
          45.4364536
        ]
      },
      "id": "way/1209376214"
    },
    {
      "type": "Feature",
      "properties": {
        "@id": "way/1212900000",
        "bicycle": "yes",
        "highway": "pedestrian",
        "name": "Esplanade Jacques Bonnaval",
        "surface": "paving_stones",
        "@geometry": "center"
      },
      "geometry": {
        "type": "Point",
        "coordinates": [
          4.3860237,
          45.4497082
        ]
      },
      "id": "way/1212900000"
    },
    {
      "type": "Feature",
      "properties": {
        "@id": "way/1221519645",
        "bicycle": "yes",
        "bus": "yes",
        "highway": "pedestrian",
        "lit": "yes",
        "maxspeed": "30",
        "motor_vehicle": "private",
        "name": "Place Jean Jaurès",
        "oneway": "yes",
        "sidewalk": "both",
        "surface": "asphalt",
        "@geometry": "center"
      },
      "geometry": {
        "type": "Point",
        "coordinates": [
          4.3871336,
          45.442009
        ]
      },
      "id": "way/1221519645"
    },
    {
      "type": "Feature",
      "properties": {
        "@id": "way/1225477515",
        "highway": "pedestrian",
        "lit": "yes",
        "motor_vehicle": "yes",
        "name": "Rue Saint-Jean",
        "surface": "asphalt",
        "@geometry": "center"
      },
      "geometry": {
        "type": "Point",
        "coordinates": [
          4.3905272,
          45.437324
        ]
      },
      "id": "way/1225477515"
    },
    {
      "type": "Feature",
      "properties": {
        "@id": "way/1225477520",
        "highway": "pedestrian",
        "lit": "yes",
        "name": "Rue des Martyrs de Vingré",
        "surface": "sett",
        "@geometry": "center"
      },
      "geometry": {
        "type": "Point",
        "coordinates": [
          4.3896905,
          45.4366435
        ]
      },
      "id": "way/1225477520"
    },
    {
      "type": "Feature",
      "properties": {
        "@id": "way/1225477521",
        "highway": "pedestrian",
        "lit": "yes",
        "name": "Rue José Frappa",
        "name:etymology:wikidata": "Q957988",
        "source": "survey",
        "surface": "concrete",
        "@geometry": "center"
      },
      "geometry": {
        "type": "Point",
        "coordinates": [
          4.3896114,
          45.4354452
        ]
      },
      "id": "way/1225477521"
    },
    {
      "type": "Feature",
      "properties": {
        "@id": "way/1225477522",
        "highway": "pedestrian",
        "lit": "yes",
        "name": "Rue José Frappa",
        "name:etymology:wikidata": "Q957988",
        "source": "survey",
        "surface": "concrete",
        "@geometry": "center"
      },
      "geometry": {
        "type": "Point",
        "coordinates": [
          4.3886475,
          45.4358061
        ]
      },
      "id": "way/1225477522"
    },
    {
      "type": "Feature",
      "properties": {
        "@id": "way/1232950857",
        "highway": "pedestrian",
        "lit": "yes",
        "name": "Rue Pierre et Dominique Ponchardier",
        "ref:FR:FANTOIR": "422187242M",
        "@geometry": "center"
      },
      "geometry": {
        "type": "Point",
        "coordinates": [
          4.4040294,
          45.4276643
        ]
      },
      "id": "way/1232950857"
    },
    {
      "type": "Feature",
      "properties": {
        "@id": "way/1263058994",
        "historic": "ruins",
        "@geometry": "center"
      },
      "geometry": {
        "type": "Point",
        "coordinates": [
          4.3780997,
          45.4379034
        ]
      },
      "id": "way/1263058994"
    },
    {
      "type": "Feature",
      "properties": {
        "@id": "way/1284902869",
        "name": "Place Marie-Thérèse Patural",
        "place": "square",
        "@geometry": "center"
      },
      "geometry": {
        "type": "Point",
        "coordinates": [
          4.3802929,
          45.4477219
        ]
      },
      "id": "way/1284902869"
    },
    {
      "type": "Feature",
      "properties": {
        "@id": "way/1288611797",
        "area": "yes",
        "check_date": "2026-04-23",
        "check_date:surface": "2026-04-23",
        "highway": "pedestrian",
        "name": "Place de la Rivière",
        "surface": "compacted",
        "@geometry": "center"
      },
      "geometry": {
        "type": "Point",
        "coordinates": [
          4.4009148,
          45.4128999
        ]
      },
      "id": "way/1288611797"
    },
    {
      "type": "Feature",
      "properties": {
        "@id": "way/1290122884",
        "building:part": "water_tower",
        "height": "20.4",
        "man_made": "water_tower",
        "@geometry": "center"
      },
      "geometry": {
        "type": "Point",
        "coordinates": [
          4.395815,
          45.464646
        ]
      },
      "id": "way/1290122884"
    },
    {
      "type": "Feature",
      "properties": {
        "@id": "way/1294715151",
        "covered": "no",
        "highway": "pedestrian",
        "name": "Place Dorian",
        "stroller": "yes",
        "surface": "concrete",
        "wheelchair": "yes",
        "@geometry": "center"
      },
      "geometry": {
        "type": "Point",
        "coordinates": [
          4.3882299,
          45.4381701
        ]
      },
      "id": "way/1294715151"
    },
    {
      "type": "Feature",
      "properties": {
        "@id": "way/1296649851",
        "artist_name": "Maxime Bourgeaux;Ghyslain Bertholon",
        "artwork_type": "sculpture",
        "check_date": "2024-06-27",
        "material": "concrete",
        "name": "L’Envol",
        "start_date": "2001",
        "tourism": "artwork",
        "@geometry": "center"
      },
      "geometry": {
        "type": "Point",
        "coordinates": [
          4.3941651,
          45.4151589
        ]
      },
      "id": "way/1296649851"
    },
    {
      "type": "Feature",
      "properties": {
        "@id": "way/1298120847",
        "highway": "pedestrian",
        "lit": "yes",
        "name": "Place du Peuple",
        "source": "survey",
        "surface": "paving_stones",
        "@geometry": "center"
      },
      "geometry": {
        "type": "Point",
        "coordinates": [
          4.3874393,
          45.4362447
        ]
      },
      "id": "way/1298120847"
    },
    {
      "type": "Feature",
      "properties": {
        "@id": "way/1298669111",
        "highway": "pedestrian",
        "lit": "yes",
        "name": "Rue Violette",
        "oneway": "yes",
        "surface": "sett",
        "taxi": "yes",
        "@geometry": "center"
      },
      "geometry": {
        "type": "Point",
        "coordinates": [
          4.3907836,
          45.4368104
        ]
      },
      "id": "way/1298669111"
    },
    {
      "type": "Feature",
      "properties": {
        "@id": "way/1299984138",
        "amenity": "fountain",
        "artist_name": "Albert CHANUT",
        "historic": "memorial",
        "memorial": "sculpture",
        "name": "Monument du Bicentenaire de la Révolution",
        "start_date": "1989",
        "@geometry": "center"
      },
      "geometry": {
        "type": "Point",
        "coordinates": [
          4.3931979,
          45.4193574
        ]
      },
      "id": "way/1299984138"
    },
    {
      "type": "Feature",
      "properties": {
        "@id": "way/1304702461",
        "addr:housenumber": "20",
        "addr:street": "Rue Docteur Rémy Annino",
        "building": "university",
        "building:levels": "4",
        "name": "Les Forges 2",
        "roof:levels": "0",
        "source": "cadastre-dgi-fr source : Direction Générale des Impôts - Cadastre. Mise à jour : 2024",
        "@geometry": "center"
      },
      "geometry": {
        "type": "Point",
        "coordinates": [
          4.3886871,
          45.451121
        ]
      },
      "id": "way/1304702461"
    },
    {
      "type": "Feature",
      "properties": {
        "@id": "way/1313195567",
        "electrified": "no",
        "name": "Petit Train",
        "railway": "miniature",
        "source": "Local_survey",
        "tourism": "attraction",
        "@geometry": "center"
      },
      "geometry": {
        "type": "Point",
        "coordinates": [
          4.362692,
          45.4740021
        ]
      },
      "id": "way/1313195567"
    },
    {
      "type": "Feature",
      "properties": {
        "@id": "way/1317153603",
        "highway": "pedestrian",
        "lit": "yes",
        "name": "Rue Denis Escoffier",
        "ref:FR:FANTOIR": "422182670",
        "surface": "asphalt",
        "@geometry": "center"
      },
      "geometry": {
        "type": "Point",
        "coordinates": [
          4.389073,
          45.4364473
        ]
      },
      "id": "way/1317153603"
    },
    {
      "type": "Feature",
      "properties": {
        "@id": "way/1317592329",
        "historic": "tomb",
        "@geometry": "center"
      },
      "geometry": {
        "type": "Point",
        "coordinates": [
          4.4048223,
          45.4520623
        ]
      },
      "id": "way/1317592329"
    },
    {
      "type": "Feature",
      "properties": {
        "@id": "way/1334533074",
        "internet_access": "wlan",
        "internet_access:fee": "no",
        "internet_access:operator": "Ville de Saint-Étienne",
        "internet_access:ssid": "SainteWifi",
        "name": "Place Boivin",
        "place": "square",
        "@geometry": "center"
      },
      "geometry": {
        "type": "Point",
        "coordinates": [
          4.3853368,
          45.4363638
        ]
      },
      "id": "way/1334533074"
    },
    {
      "type": "Feature",
      "properties": {
        "@id": "way/1343431840",
        "artist_name": "Les Enfants du Babet",
        "artwork_type": "mural",
        "start_date": "2024-07",
        "tourism": "artwork",
        "@geometry": "center"
      },
      "geometry": {
        "type": "Point",
        "coordinates": [
          4.3817222,
          45.4351254
        ]
      },
      "id": "way/1343431840"
    },
    {
      "type": "Feature",
      "properties": {
        "@id": "node/1362951220",
        "artwork_type": "mural",
        "name": "Hommage à Picasso Horizon",
        "tourism": "artwork"
      },
      "geometry": {
        "type": "Point",
        "coordinates": [
          4.3955761,
          45.4208485
        ]
      },
      "id": "node/1362951220"
    },
    {
      "type": "Feature",
      "properties": {
        "@id": "way/1374503798",
        "lit": "yes",
        "name": "Place Étienne Fayolle",
        "place": "square",
        "@geometry": "center"
      },
      "geometry": {
        "type": "Point",
        "coordinates": [
          4.3974562,
          45.4396567
        ]
      },
      "id": "way/1374503798"
    },
    {
      "type": "Feature",
      "properties": {
        "@id": "node/1390144648",
        "name": "Place du Cluzel",
        "place": "square"
      },
      "geometry": {
        "type": "Point",
        "coordinates": [
          4.3499721,
          45.4449886
        ]
      },
      "id": "node/1390144648"
    },
    {
      "type": "Feature",
      "properties": {
        "@id": "way/1418097070",
        "name": "Le Petit Train",
        "railway": "miniature",
        "tourism": "attraction",
        "tunnel": "yes",
        "@geometry": "center"
      },
      "geometry": {
        "type": "Point",
        "coordinates": [
          4.4161093,
          45.4213243
        ]
      },
      "id": "way/1418097070"
    },
    {
      "type": "Feature",
      "properties": {
        "@id": "way/1418132396",
        "highway": "pedestrian",
        "name": "Allée de Coventry",
        "surface": "asphalt",
        "@geometry": "center"
      },
      "geometry": {
        "type": "Point",
        "coordinates": [
          4.4158831,
          45.42095
        ]
      },
      "id": "way/1418132396"
    },
    {
      "type": "Feature",
      "properties": {
        "@id": "way/1418291312",
        "highway": "pedestrian",
        "name": "Allée de Coventry",
        "surface": "asphalt",
        "@geometry": "center"
      },
      "geometry": {
        "type": "Point",
        "coordinates": [
          4.4167034,
          45.4210844
        ]
      },
      "id": "way/1418291312"
    },
    {
      "type": "Feature",
      "properties": {
        "@id": "way/1418291313",
        "highway": "pedestrian",
        "name": "Allée de Coventry",
        "@geometry": "center"
      },
      "geometry": {
        "type": "Point",
        "coordinates": [
          4.414834,
          45.4208646
        ]
      },
      "id": "way/1418291313"
    },
    {
      "type": "Feature",
      "properties": {
        "@id": "way/1418291314",
        "highway": "pedestrian",
        "name": "Allée de Coventry",
        "surface": "asphalt",
        "@geometry": "center"
      },
      "geometry": {
        "type": "Point",
        "coordinates": [
          4.4149766,
          45.4208949
        ]
      },
      "id": "way/1418291314"
    },
    {
      "type": "Feature",
      "properties": {
        "@id": "way/1473575717",
        "highway": "pedestrian",
        "lane_markings": "no",
        "lit": "yes",
        "name": "Allée Giuseppe Verdi",
        "ref:FR:FANTOIR": "422184012B",
        "surface": "concrete",
        "@geometry": "center"
      },
      "geometry": {
        "type": "Point",
        "coordinates": [
          4.401976,
          45.4716336
        ]
      },
      "id": "way/1473575717"
    },
    {
      "type": "Feature",
      "properties": {
        "@id": "node/1474396735",
        "contact:email": "memorial.loire@orange.fr",
        "contact:mobile": "+33 7 44 58 06 18",
        "contact:phone": "+33 4 77 34 03 69",
        "fee": "yes",
        "name": "Mémorial de la Résistance et de la Déportation de la Loire",
        "tourism": "museum",
        "website": "http://memorial-loire42.fr/",
        "wikidata": "Q3333151"
      },
      "geometry": {
        "type": "Point",
        "coordinates": [
          4.3863663,
          45.4356769
        ]
      },
      "id": "node/1474396735"
    },
    {
      "type": "Feature",
      "properties": {
        "@id": "way/1499441528",
        "artist_name": "Kalouf",
        "artwork_subject": "Simone Veil",
        "artwork_type": "mural",
        "subject:wikidata": "Q298180",
        "tourism": "artwork",
        "@geometry": "center"
      },
      "geometry": {
        "type": "Point",
        "coordinates": [
          4.3797947,
          45.4336416
        ]
      },
      "id": "way/1499441528"
    },
    {
      "type": "Feature",
      "properties": {
        "@id": "way/1519568533",
        "access": "permit",
        "bicycle": "yes",
        "foot": "designated",
        "highway": "pedestrian",
        "lit": "yes",
        "name": "Place de l'Hôtel de Ville",
        "surface": "concrete",
        "@geometry": "center"
      },
      "geometry": {
        "type": "Point",
        "coordinates": [
          4.3871241,
          45.4395483
        ]
      },
      "id": "way/1519568533"
    },
    {
      "type": "Feature",
      "properties": {
        "@id": "node/1746796428",
        "tourism": "viewpoint"
      },
      "geometry": {
        "type": "Point",
        "coordinates": [
          4.3726626,
          45.4496506
        ]
      },
      "id": "node/1746796428"
    },
    {
      "type": "Feature",
      "properties": {
        "@id": "node/1749567500",
        "addr:housenumber": "28",
        "addr:postcode": "42000",
        "addr:street": "Rue Bourgneuf",
        "name": "Au secours",
        "operator:type": "association",
        "tourism": "gallery"
      },
      "geometry": {
        "type": "Point",
        "coordinates": [
          4.3828581,
          45.4456264
        ]
      },
      "id": "node/1749567500"
    },
    {
      "type": "Feature",
      "properties": {
        "@id": "node/1777878497",
        "tourism": "viewpoint"
      },
      "geometry": {
        "type": "Point",
        "coordinates": [
          4.33193,
          45.4013537
        ]
      },
      "id": "node/1777878497"
    },
    {
      "type": "Feature",
      "properties": {
        "@id": "node/1777878603",
        "alt_name": "Madone de Poix",
        "historic": "memorial",
        "memorial": "statue",
        "name": "Notre-Dame du Chambon",
        "source": "cadastre"
      },
      "geometry": {
        "type": "Point",
        "coordinates": [
          4.3319756,
          45.4014601
        ]
      },
      "id": "node/1777878603"
    },
    {
      "type": "Feature",
      "properties": {
        "@id": "node/1788358411",
        "addr:city": "Saint-Étienne",
        "addr:housenumber": "16",
        "addr:postcode": "42000",
        "addr:street": "Rue Roger Salengro",
        "amenity": "community_centre",
        "check_date": "2025-07-26",
        "fee": "no",
        "name": "Le Pied des Marches",
        "operator": "Rues du Développement Durable",
        "shop": "art",
        "tourism": "gallery",
        "website": "https://www.ruesdudeveloppementdurable.fr/le-pied-des-marches/",
        "wheelchair": "yes"
      },
      "geometry": {
        "type": "Point",
        "coordinates": [
          4.3890253,
          45.4423489
        ]
      },
      "id": "node/1788358411"
    },
    {
      "type": "Feature",
      "properties": {
        "@id": "node/1812856802",
        "communication:microwave": "yes",
        "communication:mobile_phone": "yes",
        "communication:radio": "yes",
        "communication:television": "yes",
        "height": "110",
        "man_made": "tower",
        "name": "Site d'émission TDF du Guizay",
        "owner": "TDF",
        "ref:FR:ANFR": "454034",
        "source": "ANFR 08/2019",
        "tower:type": "communication"
      },
      "geometry": {
        "type": "Point",
        "coordinates": [
          4.3963965,
          45.3967759
        ]
      },
      "id": "node/1812856802"
    },
    {
      "type": "Feature",
      "properties": {
        "@id": "node/1814604992",
        "alt_name": "L'Enfant à la cruche",
        "amenity": "fountain",
        "artist_name": "Charles Robert Champagny",
        "artwork_type": "statue",
        "description": "Coulée à la fonderie d'Art du Val d'Osne à la fin du XIXe siècle, la statue est retrouvée dans les dépôts des services de la Voirie et posée en 1923 à son emplacement actuel.",
        "name": "Le Petit Buveur",
        "source": "cadastre-dgi-fr source : Direction Générale des Impôts - Cadastre. Mise à jour : 2012",
        "start_date": "1923",
        "tourism": "artwork"
      },
      "geometry": {
        "type": "Point",
        "coordinates": [
          4.3863465,
          45.4374094
        ]
      },
      "id": "node/1814604992"
    },
    {
      "type": "Feature",
      "properties": {
        "@id": "node/1843406705",
        "historic": "memorial",
        "material": "stone",
        "memorial": "stele"
      },
      "geometry": {
        "type": "Point",
        "coordinates": [
          4.3818167,
          45.4372804
        ]
      },
      "id": "node/1843406705"
    },
    {
      "type": "Feature",
      "properties": {
        "@id": "node/1971541305",
        "artwork_type": "sculpture",
        "tourism": "artwork"
      },
      "geometry": {
        "type": "Point",
        "coordinates": [
          4.4030172,
          45.4277484
        ]
      },
      "id": "node/1971541305"
    },
    {
      "type": "Feature",
      "properties": {
        "@id": "node/1971780851",
        "artwork_type": "sculpture",
        "tourism": "artwork"
      },
      "geometry": {
        "type": "Point",
        "coordinates": [
          4.4021437,
          45.4280751
        ]
      },
      "id": "node/1971780851"
    },
    {
      "type": "Feature",
      "properties": {
        "@id": "node/2010251922",
        "alt_name": "St-Étienne Châteaucreux",
        "name": "Saint-Étienne Châteaucreux",
        "network": "TER Auvergne-Rhône-Alpes",
        "network:wikidata": "Q41585492",
        "official_name": "Saint-Étienne Châteaucreux",
        "operator": "SNCF Gares & Connexions",
        "operator:wikidata": "Q3098278",
        "operator:wikipedia": "fr:SNCF Gares & Connexions",
        "public_transport": "station",
        "railway": "station",
        "railway:ref": "SE",
        "ref:FR:sncf:resarail": "FRHHD",
        "source": "SNCF - 06/2013",
        "train": "yes",
        "uic_ref": "8772600",
        "wheelchair": "yes",
        "wikidata": "Q2486002",
        "wikipedia": "fr:Gare de Saint-Étienne-Châteaucreux"
      },
      "geometry": {
        "type": "Point",
        "coordinates": [
          4.3996073,
          45.4436149
        ]
      },
      "id": "node/2010251922"
    },
    {
      "type": "Feature",
      "properties": {
        "@id": "node/2228584016",
        "historic": "memorial",
        "inscription": "Aux enfants de Le Chambon-Feugerolles morts pour la France 1914-1918",
        "memorial": "war_memorial",
        "memorial:conflict": "WW1;WW2;Korean_War;First_Idochina_War;Algerian_War",
        "ref:FR:MemorialGenWeb": "14891",
        "wikidata": "Q136059741"
      },
      "geometry": {
        "type": "Point",
        "coordinates": [
          4.33261,
          45.3979164
        ]
      },
      "id": "node/2228584016"
    },
    {
      "type": "Feature",
      "properties": {
        "@id": "node/2352370439",
        "addr:housenumber": "15",
        "addr:postcode": "42000",
        "addr:street": "Rue Saint-Just",
        "amenity": "place_of_worship",
        "name": "lieu de prière",
        "religion": "muslim"
      },
      "geometry": {
        "type": "Point",
        "coordinates": [
          4.3772963,
          45.4401649
        ]
      },
      "id": "node/2352370439"
    },
    {
      "type": "Feature",
      "properties": {
        "@id": "node/2417437664",
        "historic": "memorial",
        "memorial": "stele",
        "memorial:conflict": "WW2",
        "name": "Monument aux Morts de la Taillée",
        "war_memorial": "yes"
      },
      "geometry": {
        "type": "Point",
        "coordinates": [
          4.3552386,
          45.4338128
        ]
      },
      "id": "node/2417437664"
    },
    {
      "type": "Feature",
      "properties": {
        "@id": "node/2432440419",
        "artist:wikidata": "Q499022",
        "artist:wikipedia": "fr:Emmanuel Frémiet",
        "artist_name": "Emmanuel Frémiet",
        "artwork_type": "statue",
        "historic": "memorial",
        "material": "metal",
        "memorial": "statue",
        "name": "Jeanne d'Arc",
        "start_date": "1916",
        "statue": "equestrian",
        "subject:wikidata": "Q7226",
        "subject:wikipedia": "en:Joan of Arc",
        "wikidata": "Q20792945"
      },
      "geometry": {
        "type": "Point",
        "coordinates": [
          4.3851606,
          45.436407
        ]
      },
      "id": "node/2432440419"
    },
    {
      "type": "Feature",
      "properties": {
        "@id": "node/2477666565",
        "artist_name": "Hervé Audouard",
        "artwork_type": "statue",
        "description": "Créée à la fonderie Barthélémy à Crest (Drôme), elle est l'oeuvre d'Hervé Audouard, professeur de sculpture.",
        "name": "Muse de l'artisanat",
        "start_date": "1993-06-28",
        "tourism": "artwork"
      },
      "geometry": {
        "type": "Point",
        "coordinates": [
          4.3938808,
          45.4313851
        ]
      },
      "id": "node/2477666565"
    },
    {
      "type": "Feature",
      "properties": {
        "@id": "node/2483753166",
        "alt_name": "St-Étienne-La Terrasse",
        "name": "Saint-Étienne-La Terrasse",
        "network": "TER Auvergne-Rhône-Alpes",
        "network:wikidata": "Q41585492",
        "official_name": "Saint-Étienne La Terrasse",
        "operator": "SNCF Gares & Connexions",
        "operator:wikidata": "Q3098278",
        "public_transport": "station",
        "railway": "halt",
        "railway:ref": "SET",
        "ref:FR:sncf:resarail": "FRHHG",
        "train": "yes",
        "uic_ref": "8772615",
        "wheelchair": "yes",
        "wikidata": "Q2616388"
      },
      "geometry": {
        "type": "Point",
        "coordinates": [
          4.3795644,
          45.4647178
        ]
      },
      "id": "node/2483753166"
    },
    {
      "type": "Feature",
      "properties": {
        "@id": "node/2545425652",
        "amenity": "place_of_worship",
        "check_date": "2023-08-02",
        "denomination": "apostolic",
        "name": "Église Apostolique de Saint-Étienne",
        "religion": "christian"
      },
      "geometry": {
        "type": "Point",
        "coordinates": [
          4.3927964,
          45.4391975
        ]
      },
      "id": "node/2545425652"
    },
    {
      "type": "Feature",
      "properties": {
        "@id": "node/2591216030",
        "contact:email": "museedesverts@asse.fr",
        "contact:phone": "+33 4 77 92 31 80",
        "fee": "yes",
        "name": "Musée des Verts",
        "tourism": "museum",
        "website": "https://www.museedesverts.fr/",
        "wikidata": "Q15406293",
        "wikipedia": "fr:Musée des Verts"
      },
      "geometry": {
        "type": "Point",
        "coordinates": [
          4.3892613,
          45.4601821
        ]
      },
      "id": "node/2591216030"
    },
    {
      "type": "Feature",
      "properties": {
        "@id": "node/2592356253",
        "artist:wikidata": "Q3185201",
        "artist:wikipedia": "fr:Joseph Lamberton",
        "artist_name": "Joseph Lamberton",
        "artwork_type": "statue",
        "description": "Déplacée et cachée pendant la Seconde Guerre mondiale, elle n'est pas fondue pour les besoins de l'économie de guerre allemande.",
        "name": "La Muse de Massenet",
        "start_date": "1929-04-07",
        "tourism": "artwork"
      },
      "geometry": {
        "type": "Point",
        "coordinates": [
          4.3903353,
          45.4372464
        ]
      },
      "id": "node/2592356253"
    },
    {
      "type": "Feature",
      "properties": {
        "@id": "node/2617215227",
        "alt_name": "L'Homme de Bronze",
        "artist_name": "Étienne Montagny",
        "artwork_type": "statue",
        "name": "La Métallurgie",
        "source": "cadastre-dgi-fr source : Direction Générale des Impôts - Cadastre. Mise à jour : 2014",
        "start_date": "1872",
        "tourism": "artwork",
        "wikimedia_commons": "Category:La Métallurgie (Étienne Montagny)"
      },
      "geometry": {
        "type": "Point",
        "coordinates": [
          4.3872372,
          45.4397428
        ]
      },
      "id": "node/2617215227"
    },
    {
      "type": "Feature",
      "properties": {
        "@id": "node/2617215228",
        "artist_name": "Étienne Montagny",
        "artwork_type": "statue",
        "name": "La Rubanerie",
        "source": "cadastre-dgi-fr source : Direction Générale des Impôts - Cadastre. Mise à jour : 2014",
        "start_date": "1872",
        "tourism": "artwork",
        "wikimedia_commons": "Category:La Rubanerie (Étienne Montagny)"
      },
      "geometry": {
        "type": "Point",
        "coordinates": [
          4.3875776,
          45.4397916
        ]
      },
      "id": "node/2617215228"
    },
    {
      "type": "Feature",
      "properties": {
        "@id": "node/2630904116",
        "artist_name": "Biaggi",
        "artwork_type": "statue",
        "historic": "memorial",
        "memorial": "statue",
        "name": "À la mémoire de Francis Garnier",
        "start_date": "1953",
        "subject:wikidata": "Q1441510",
        "subject:wikipedia": "fr:Francis Garnier",
        "tourism": "artwork"
      },
      "geometry": {
        "type": "Point",
        "coordinates": [
          4.3983402,
          45.4332671
        ]
      },
      "id": "node/2630904116"
    },
    {
      "type": "Feature",
      "properties": {
        "@id": "node/2638077214",
        "addr:city": "Saint-Étienne",
        "addr:housenumber": "23",
        "addr:postcode": "42000",
        "addr:street": "Rue Paul Bert",
        "fee": "no",
        "name": "Rêves d'Ailleurs",
        "tourism": "gallery",
        "website": "https://revesdafrique42.canalblog.com/"
      },
      "geometry": {
        "type": "Point",
        "coordinates": [
          4.3834199,
          45.4417882
        ]
      },
      "id": "node/2638077214"
    },
    {
      "type": "Feature",
      "properties": {
        "@id": "node/2641243679",
        "alt_name": "Torchère",
        "amenity": "fountain",
        "artist:wikidata": "Q1805358",
        "artist:wikipedia": "fr:Mathurin Moreau",
        "artist_name": "Mathurin Moreau",
        "artwork_type": "statue",
        "name": "L'Égyptienne",
        "start_date": "1915",
        "tourism": "artwork",
        "wikimedia_commons": "File:Rue Claude Delaora, l'Égyptienne, rue Émile Littré.jpg"
      },
      "geometry": {
        "type": "Point",
        "coordinates": [
          4.3878161,
          45.431274
        ]
      },
      "id": "node/2641243679"
    },
    {
      "type": "Feature",
      "properties": {
        "@id": "node/2643729992",
        "artist_name": "André Longeon",
        "historic": "memorial",
        "inscription": "Jean Moulin 1899 1943 Unificateur de la Résistance",
        "material": "bronze",
        "memorial": "bust",
        "name": "Buste de Jean Moulin",
        "start_date": "1983-12-18",
        "subject:wikidata": "Q632",
        "subject:wikipedia": "fr:Jean Moulin"
      },
      "geometry": {
        "type": "Point",
        "coordinates": [
          4.3922232,
          45.4376639
        ]
      },
      "id": "node/2643729992"
    },
    {
      "type": "Feature",
      "properties": {
        "@id": "node/2648251703",
        "addr:housenumber": "7",
        "addr:postcode": "42000",
        "addr:street": "Rue Henri Barbusse",
        "contact:facebook": "LesLimbes",
        "contact:twitter": "leslimbes",
        "email": "contact@leslimbes.fr",
        "fee": "no",
        "name": "Les Limbes",
        "opening_hours": "We-Fr 15:00-18:30; Sa 14:00-18:00",
        "tourism": "gallery",
        "website": "https://leslimbes.com/"
      },
      "geometry": {
        "type": "Point",
        "coordinates": [
          4.3933807,
          45.4338937
        ]
      },
      "id": "node/2648251703"
    },
    {
      "type": "Feature",
      "properties": {
        "@id": "node/2650563993",
        "artist_name": "Toros Rast-Klan",
        "artwork_type": "sculpture",
        "description": "La ceinture de la robe flottant au vent dessine les monts Ararat qui séparent l'Arménie de la Turquie. Le bloc marqué de la croix à droite est fait en khatchkar, une pierre d'Arménie.",
        "historic": "memorial",
        "inscription": "À la mémoire des 1 500 000 arméniens victimes du 1er génocide du XXe siècle perpétré par les dirigeants turc de 1915",
        "memorial": "statue",
        "name": "Monument de la Guerre d'Arménie",
        "start_date": "1989",
        "subject:wikidata": "Q80034",
        "tourism": "artwork",
        "wikimedia_commons": "File:Saint Étienne-Monument en mémoire du génocide arménien-20110223.jpg"
      },
      "geometry": {
        "type": "Point",
        "coordinates": [
          4.3904545,
          45.4322529
        ]
      },
      "id": "node/2650563993"
    },
    {
      "type": "Feature",
      "properties": {
        "@id": "node/2725368539",
        "artist_name": "Paul Graf",
        "artwork_type": "statue",
        "description": "Monument commémoratif des mineurs morts lors de la Première Guerre mondiale.",
        "historic": "memorial",
        "inscription": "La société des mines de la Loire à ses collaborateurs morts, victimes de la guerre et du devoir.",
        "memorial": "statue",
        "name": "La Victoire",
        "start_date": "1920",
        "tourism": "artwork",
        "wikidata": "Q66724773",
        "wikimedia_commons": "Category:Monuments aux morts, Puits Couriot"
      },
      "geometry": {
        "type": "Point",
        "coordinates": [
          4.3764061,
          45.438556
        ]
      },
      "id": "node/2725368539"
    },
    {
      "type": "Feature",
      "properties": {
        "@id": "node/2773569889",
        "description": "Monument aux résistants employés de la manufacture d'armes de Saint-Étienne",
        "historic": "memorial",
        "memorial": "war_memorial",
        "name": "Monument aux Morts de la MAS",
        "ref:FR:MemorialGenWeb": "20453"
      },
      "geometry": {
        "type": "Point",
        "coordinates": [
          4.3844533,
          45.4506936
        ]
      },
      "id": "node/2773569889"
    },
    {
      "type": "Feature",
      "properties": {
        "@id": "node/2773569914",
        "barrier": "entrance",
        "bicycle": "yes",
        "foot": "yes",
        "historic": "gate"
      },
      "geometry": {
        "type": "Point",
        "coordinates": [
          4.3848658,
          45.4502637
        ]
      },
      "id": "node/2773569914"
    },
    {
      "type": "Feature",
      "properties": {
        "@id": "node/2773569923",
        "artist_name": "Nathalie Talec",
        "artwork_type": "installation",
        "name": "Gimme Shelter",
        "start_date": "2013",
        "tourism": "artwork",
        "website": "https://www.nathalietalec.com/creation-grants/gimme-shelter-2013/",
        "wikimedia_commons": "Category:Gimme Shelter de Nathalie Talec"
      },
      "geometry": {
        "type": "Point",
        "coordinates": [
          4.3842721,
          45.4503284
        ]
      },
      "id": "node/2773569923"
    },
    {
      "type": "Feature",
      "properties": {
        "@id": "node/3089343009",
        "contact:website": "http://www.uneimage.sitew.fr/",
        "fee": "no",
        "name": "Galerie Une Image",
        "tourism": "gallery"
      },
      "geometry": {
        "type": "Point",
        "coordinates": [
          4.3842777,
          45.4430643
        ]
      },
      "id": "node/3089343009"
    },
    {
      "type": "Feature",
      "properties": {
        "@id": "node/3379782594",
        "name": "Place Manuel Balboa",
        "place": "square"
      },
      "geometry": {
        "type": "Point",
        "coordinates": [
          4.3931962,
          45.4604903
        ]
      },
      "id": "node/3379782594"
    },
    {
      "type": "Feature",
      "properties": {
        "@id": "node/3457470960",
        "name": "Place Antonin Moine",
        "place": "square"
      },
      "geometry": {
        "type": "Point",
        "coordinates": [
          4.391405,
          45.4361592
        ]
      },
      "id": "node/3457470960"
    },
    {
      "type": "Feature",
      "properties": {
        "@id": "node/3461418112",
        "internet_access": "wlan",
        "internet_access:fee": "no",
        "internet_access:operator": "Ville de Saint-Étienne",
        "internet_access:ssid": "SainteWifi",
        "name": "Place Bellevue",
        "note": "Le cadastre porte 2 mentions : Place Bellevue au nord et Place Henri Desbarres au sud",
        "place": "square",
        "source": "cadastre-dgi-fr source : Direction Générale des Impôts - Cadastre ; mise à jour : 2015"
      },
      "geometry": {
        "type": "Point",
        "coordinates": [
          4.3937188,
          45.4157571
        ]
      },
      "id": "node/3461418112"
    },
    {
      "type": "Feature",
      "properties": {
        "@id": "node/3461418113",
        "name": "Place Henri Desbarres",
        "note": "Le cadastre porte 2 mentions : Place Bellevue au nord et Place Henri Desbarres au sud",
        "place": "square",
        "source": "cadastre-dgi-fr source : Direction Générale des Impôts - Cadastre;mise à jour : 2015"
      },
      "geometry": {
        "type": "Point",
        "coordinates": [
          4.3938346,
          45.4152944
        ]
      },
      "id": "node/3461418113"
    },
    {
      "type": "Feature",
      "properties": {
        "@id": "node/3469518292",
        "artwork_type": "statue",
        "historic": "memorial",
        "memorial": "bust",
        "name": "Buste d'Émile Girodet",
        "start_date": "1907",
        "subject:wikidata": "Q3588534",
        "subject:wikipedia": "fr:Émile Girodet",
        "tourism": "artwork"
      },
      "geometry": {
        "type": "Point",
        "coordinates": [
          4.381859,
          45.4478979
        ]
      },
      "id": "node/3469518292"
    },
    {
      "type": "Feature",
      "properties": {
        "@id": "node/3490818497",
        "artist:wikidata": "Q3185201",
        "artist:wikipedia": "fr:Joseph Lamberton",
        "artist_name": "Joseph Lamberton",
        "historic": "memorial",
        "memorial": "war_memorial",
        "name": "Monument funéraire du Souvenir français"
      },
      "geometry": {
        "type": "Point",
        "coordinates": [
          4.3936142,
          45.4426716
        ]
      },
      "id": "node/3490818497"
    },
    {
      "type": "Feature",
      "properties": {
        "@id": "node/3496714835",
        "tourism": "viewpoint"
      },
      "geometry": {
        "type": "Point",
        "coordinates": [
          4.3866593,
          45.434578
        ]
      },
      "id": "node/3496714835"
    },
    {
      "type": "Feature",
      "properties": {
        "@id": "node/3498954380",
        "alt_name": "Tombeau Smith",
        "heritage": "3",
        "heritage:operator": "mhs",
        "historic": "tomb",
        "mhs:inscription_date": "2011-02-17",
        "name": "Tombe Smith",
        "ref:mhs": "PA42000040",
        "wikidata": "Q22996922",
        "wikimedia_commons": "Category:Tombeau Smith, Saint-Étienne",
        "wikipedia": "fr:Tombeau Smith"
      },
      "geometry": {
        "type": "Point",
        "coordinates": [
          4.3912769,
          45.4440431
        ]
      },
      "id": "node/3498954380"
    },
    {
      "type": "Feature",
      "properties": {
        "@id": "node/3514727865",
        "addr:housenumber": "4 bis",
        "addr:street": "Rue André Malraux",
        "check_date:opening_hours": "2025-04-10",
        "name": "Espace archéologique Forez-Jarez",
        "opening_hours:signed": "no",
        "tourism": "museum",
        "website": "https://forez-jarez.fr/"
      },
      "geometry": {
        "type": "Point",
        "coordinates": [
          4.3850242,
          45.4398855
        ]
      },
      "id": "node/3514727865"
    },
    {
      "type": "Feature",
      "properties": {
        "@id": "node/3514797418",
        "addr:housenumber": "4",
        "addr:street": "Rue Jean Itard",
        "name": "Atelier et conservatoire des Meilleurs Ouvriers de France",
        "tourism": "museum",
        "website": "https://ateliers-conservatoire-mof.com/"
      },
      "geometry": {
        "type": "Point",
        "coordinates": [
          4.3813463,
          45.4557141
        ]
      },
      "id": "node/3514797418"
    },
    {
      "type": "Feature",
      "properties": {
        "@id": "node/3617357950",
        "artist_name": "Emile Tournayre",
        "artwork_type": "statue",
        "description": "Voté par le Conseil municipal en octobre 1930, le buste est inauguré le 5 juillet 1931.",
        "historic": "memorial",
        "inscription": "Il n'y a pas d'idéal plus noble que celui d'une société où le travail sera souverain.",
        "memorial": "bust",
        "name": "Jean Jaurès",
        "start_date": "1931",
        "subject:wikidata": "Q12688",
        "subject:wikipedia": "fr:Jean Jaurès",
        "tourism": "artwork",
        "wikimedia_commons": "Category:Monument à Jean Jaurès (Saint-Étienne)"
      },
      "geometry": {
        "type": "Point",
        "coordinates": [
          4.3870833,
          45.4408697
        ]
      },
      "id": "node/3617357950"
    },
    {
      "type": "Feature",
      "properties": {
        "@id": "node/3617357951",
        "artist:wikidata": "Q3102243",
        "artist:wikipedia": "fr:Georges Bareau",
        "artist_name": "Georges Bareau",
        "artwork_type": "statue",
        "historic": "memorial",
        "memorial": "bust",
        "name": "José Frappa",
        "start_date": "1912",
        "subject:wikidata": "Q957988",
        "subject:wikipedia": "fr:José Frappa",
        "tourism": "artwork",
        "wikidata": "Q61819803"
      },
      "geometry": {
        "type": "Point",
        "coordinates": [
          4.3868082,
          45.4418523
        ]
      },
      "id": "node/3617357951"
    },
    {
      "type": "Feature",
      "properties": {
        "@id": "node/3665692274",
        "amenity": "place_of_worship",
        "denomination": "evangelical",
        "name": "Église Dunamis",
        "religion": "christian"
      },
      "geometry": {
        "type": "Point",
        "coordinates": [
          4.3864632,
          45.4438976
        ]
      },
      "id": "node/3665692274"
    },
    {
      "type": "Feature",
      "properties": {
        "@id": "node/3790485994",
        "name": "Belvédère du Guizay",
        "tourism": "viewpoint"
      },
      "geometry": {
        "type": "Point",
        "coordinates": [
          4.3994394,
          45.395898
        ]
      },
      "id": "node/3790485994"
    },
    {
      "type": "Feature",
      "properties": {
        "@id": "node/3823550390",
        "contact:instagram": "lerosedechrome",
        "fee": "no",
        "name": "Beluga",
        "operator": "Le Rose de Chrome",
        "ref:FR:RNA": "W423015856",
        "tourism": "gallery"
      },
      "geometry": {
        "type": "Point",
        "coordinates": [
          4.3972549,
          45.4404487
        ]
      },
      "id": "node/3823550390"
    },
    {
      "type": "Feature",
      "properties": {
        "@id": "node/3893173470",
        "artwork_type": "sculpture",
        "material": "steel",
        "tourism": "artwork"
      },
      "geometry": {
        "type": "Point",
        "coordinates": [
          4.4104197,
          45.4167115
        ]
      },
      "id": "node/3893173470"
    },
    {
      "type": "Feature",
      "properties": {
        "@id": "node/3893173471",
        "artwork_type": "statue",
        "material": "concrete",
        "tourism": "artwork"
      },
      "geometry": {
        "type": "Point",
        "coordinates": [
          4.40846,
          45.41755
        ]
      },
      "id": "node/3893173471"
    },
    {
      "type": "Feature",
      "properties": {
        "@id": "node/3893573977",
        "check_date": "2023-05-25",
        "contact:website": "http://alain.farnier.free.fr",
        "craft": "sculptor",
        "fee": "no",
        "name": "Petit musée d'art comptant pour rien",
        "tourism": "gallery"
      },
      "geometry": {
        "type": "Point",
        "coordinates": [
          4.3889351,
          45.4411902
        ]
      },
      "id": "node/3893573977"
    },
    {
      "type": "Feature",
      "properties": {
        "@id": "node/3940114259",
        "artwork_type": "sculpture",
        "tourism": "artwork"
      },
      "geometry": {
        "type": "Point",
        "coordinates": [
          4.3857687,
          45.4506052
        ]
      },
      "id": "node/3940114259"
    },
    {
      "type": "Feature",
      "properties": {
        "@id": "node/3970744611",
        "artwork_type": "sculpture",
        "tourism": "artwork"
      },
      "geometry": {
        "type": "Point",
        "coordinates": [
          4.3844056,
          45.4509671
        ]
      },
      "id": "node/3970744611"
    },
    {
      "type": "Feature",
      "properties": {
        "@id": "node/4021569405",
        "entrance": "main",
        "level": "0",
        "railway": "train_station_entrance",
        "wheelchair": "yes",
        "width": "3.2"
      },
      "geometry": {
        "type": "Point",
        "coordinates": [
          4.392861,
          45.4160216
        ]
      },
      "id": "node/4021569405"
    },
    {
      "type": "Feature",
      "properties": {
        "@id": "node/4039026573",
        "historic": "memorial"
      },
      "geometry": {
        "type": "Point",
        "coordinates": [
          4.3940073,
          45.4685736
        ]
      },
      "id": "node/4039026573"
    },
    {
      "type": "Feature",
      "properties": {
        "@id": "node/4056140256",
        "historic": "memorial",
        "memorial": "war_memorial",
        "ref:FR:MemorialGenWeb": "56486"
      },
      "geometry": {
        "type": "Point",
        "coordinates": [
          4.4367444,
          45.4358149
        ]
      },
      "id": "node/4056140256"
    },
    {
      "type": "Feature",
      "properties": {
        "@id": "node/4104632625",
        "artwork_type": "sculpture",
        "tourism": "artwork"
      },
      "geometry": {
        "type": "Point",
        "coordinates": [
          4.3938216,
          45.4351667
        ]
      },
      "id": "node/4104632625"
    },
    {
      "type": "Feature",
      "properties": {
        "@id": "node/4134812123",
        "historic": "yes"
      },
      "geometry": {
        "type": "Point",
        "coordinates": [
          4.3885095,
          45.4854732
        ]
      },
      "id": "node/4134812123"
    },
    {
      "type": "Feature",
      "properties": {
        "@id": "node/4134812124",
        "historic": "memorial",
        "memorial": "war_memorial",
        "ref:FR:MemorialGenWeb": "12953",
        "wikidata": "Q136058594"
      },
      "geometry": {
        "type": "Point",
        "coordinates": [
          4.3870783,
          45.4855087
        ]
      },
      "id": "node/4134812124"
    },
    {
      "type": "Feature",
      "properties": {
        "@id": "node/4235436558",
        "amenity": "place_of_worship",
        "religion": "muslim"
      },
      "geometry": {
        "type": "Point",
        "coordinates": [
          4.3823287,
          45.4349756
        ]
      },
      "id": "node/4235436558"
    },
    {
      "type": "Feature",
      "properties": {
        "@id": "node/4271178168",
        "museum": "design",
        "name": "La Cabane",
        "tourism": "museum"
      },
      "geometry": {
        "type": "Point",
        "coordinates": [
          4.3862268,
          45.4498726
        ]
      },
      "id": "node/4271178168"
    },
    {
      "type": "Feature",
      "properties": {
        "@id": "node/4340779137",
        "name": "Semeurs de Trouble",
        "tourism": "gallery",
        "website": "https://www.galeriesemeursdetrouble.com/"
      },
      "geometry": {
        "type": "Point",
        "coordinates": [
          4.3882578,
          45.4377215
        ]
      },
      "id": "node/4340779137"
    },
    {
      "type": "Feature",
      "properties": {
        "@id": "node/4346255305",
        "historic": "memorial",
        "inscription": "Les rapatriés à leurs morts laissés en Afrique du Nord",
        "material": "stone",
        "memorial": "stele"
      },
      "geometry": {
        "type": "Point",
        "coordinates": [
          4.3910157,
          45.4440556
        ]
      },
      "id": "node/4346255305"
    },
    {
      "type": "Feature",
      "properties": {
        "@id": "node/4546335279",
        "contact:email": "estampille.ed@gmail.com",
        "contact:phone": "+33 6 84 47 37 47",
        "fee": "no",
        "name": "Estampille",
        "old_name": "Mirabelles et Myrtilles",
        "ref:FR:SIRET": "84517768200018",
        "tourism": "gallery",
        "website": "https://www.estampille-editions.com/",
        "wheelchair": "yes"
      },
      "geometry": {
        "type": "Point",
        "coordinates": [
          4.387378,
          45.4398757
        ]
      },
      "id": "node/4546335279"
    },
    {
      "type": "Feature",
      "properties": {
        "@id": "node/4559959782",
        "check_date": "2025-06-03",
        "fee": "no",
        "name": "Le Vieux Colombier",
        "opening_hours": "\"there is a bell to ring\"",
        "tourism": "gallery"
      },
      "geometry": {
        "type": "Point",
        "coordinates": [
          4.3895108,
          45.4313161
        ]
      },
      "id": "node/4559959782"
    },
    {
      "type": "Feature",
      "properties": {
        "@id": "node/4819655761",
        "tourism": "artwork",
        "wheelchair": "limited"
      },
      "geometry": {
        "type": "Point",
        "coordinates": [
          4.3924251,
          45.4267273
        ]
      },
      "id": "node/4819655761"
    },
    {
      "type": "Feature",
      "properties": {
        "@id": "node/4932647631",
        "artist_name": "Paul Belmondo",
        "artwork_type": "sculpture",
        "name": "Vénus",
        "start_date": "1951",
        "tourism": "artwork",
        "wikimedia_commons": "Category:Vénus de Paul Belmondo"
      },
      "geometry": {
        "type": "Point",
        "coordinates": [
          4.3863,
          45.4413853
        ]
      },
      "id": "node/4932647631"
    },
    {
      "type": "Feature",
      "properties": {
        "@id": "node/4932647632",
        "artist_name": "Serge Goldberg",
        "artwork_type": "sculpture",
        "description": "Au moment de son installation la jambe de la statue est accidentellement brisée. La trace est toujours visible.",
        "name": "Apollon",
        "source": "survey;Master Géographies Numériques",
        "start_date": "1951",
        "tourism": "artwork",
        "wikimedia_commons": "Category:Apollon de Serge Goldberg"
      },
      "geometry": {
        "type": "Point",
        "coordinates": [
          4.3863573,
          45.4411815
        ]
      },
      "id": "node/4932647632"
    },
    {
      "type": "Feature",
      "properties": {
        "@id": "node/4932647633",
        "artist_name": "Albert Ernest Carrier Belleuse",
        "artwork_type": "sculpture",
        "name": "Les Nymphes à la fontaine",
        "start_date": "late C19",
        "tourism": "artwork",
        "wikimedia_commons": "File:Saint-Étienne - Place Jean Jaurès - Hôtel de ville - Fontaine - Nymphes.jpg"
      },
      "geometry": {
        "type": "Point",
        "coordinates": [
          4.38717,
          45.4405946
        ]
      },
      "id": "node/4932647633"
    },
    {
      "type": "Feature",
      "properties": {
        "@id": "node/4932647634",
        "artist_name": "Corns",
        "artwork_type": "sculpture",
        "description": "Monument célèbre à Saint-Étienne. Avec ses airs de mausolée romain, le monument du Babet marque de sa présence le plus ancien quartier de la ville de Saint-Étienne, le Panassa.",
        "name": "Le Babet",
        "start_date": "1802",
        "tourism": "artwork",
        "wikimedia_commons": "Category:Fontaine du Babet (Saint-Étienne)"
      },
      "geometry": {
        "type": "Point",
        "coordinates": [
          4.3807976,
          45.435153
        ]
      },
      "id": "node/4932647634"
    },
    {
      "type": "Feature",
      "properties": {
        "@id": "node/5148017225",
        "historic": "memorial",
        "memorial": "war_memorial",
        "ref:FR:MemorialGenWeb": "12978",
        "wikidata": "Q136082045"
      },
      "geometry": {
        "type": "Point",
        "coordinates": [
          4.3532186,
          45.4676968
        ]
      },
      "id": "node/5148017225"
    },
    {
      "type": "Feature",
      "properties": {
        "@id": "node/5148017232",
        "denomination": "catholic",
        "historic": "wayside_cross",
        "religion": "christian"
      },
      "geometry": {
        "type": "Point",
        "coordinates": [
          4.3532058,
          45.4682244
        ]
      },
      "id": "node/5148017232"
    },
    {
      "type": "Feature",
      "properties": {
        "@id": "node/5150562704",
        "door": "automatic",
        "entrance": "yes",
        "indoor": "yes",
        "level": "0",
        "railway": "train_station_entrance",
        "wheelchair": "yes",
        "width": "1.6"
      },
      "geometry": {
        "type": "Point",
        "coordinates": [
          4.3995395,
          45.4433404
        ]
      },
      "id": "node/5150562704"
    },
    {
      "type": "Feature",
      "properties": {
        "@id": "node/5150562705",
        "door": "automatic",
        "entrance": "yes",
        "indoor": "yes",
        "level": "0",
        "railway": "train_station_entrance",
        "wheelchair": "yes",
        "width": "1.6"
      },
      "geometry": {
        "type": "Point",
        "coordinates": [
          4.3993423,
          45.4433744
        ]
      },
      "id": "node/5150562705"
    },
    {
      "type": "Feature",
      "properties": {
        "@id": "node/5150562706",
        "door": "automatic",
        "entrance": "main",
        "indoor": "yes",
        "level": "0",
        "railway": "train_station_entrance",
        "wheelchair": "yes",
        "width": "1.6"
      },
      "geometry": {
        "type": "Point",
        "coordinates": [
          4.3994388,
          45.4433575
        ]
      },
      "id": "node/5150562706"
    },
    {
      "type": "Feature",
      "properties": {
        "@id": "node/5152516456",
        "door": "automatic",
        "entrance": "yes",
        "indoor": "yes",
        "level": "0",
        "railway": "train_station_entrance",
        "wheelchair": "yes",
        "width": "1.6"
      },
      "geometry": {
        "type": "Point",
        "coordinates": [
          4.3996705,
          45.4433295
        ]
      },
      "id": "node/5152516456"
    },
    {
      "type": "Feature",
      "properties": {
        "@id": "node/5152516457",
        "door": "automatic",
        "entrance": "yes",
        "indoor": "yes",
        "level": "0",
        "railway": "train_station_entrance",
        "wheelchair": "yes",
        "width": "1.6"
      },
      "geometry": {
        "type": "Point",
        "coordinates": [
          4.3996249,
          45.4433373
        ]
      },
      "id": "node/5152516457"
    },
    {
      "type": "Feature",
      "properties": {
        "@id": "node/5181316734",
        "contact:facebook": "https://www.facebook.com/Chrysalive-Coaching-et-Galerie-dArt-1761079874189286/",
        "name": "Chrysalive",
        "tourism": "gallery"
      },
      "geometry": {
        "type": "Point",
        "coordinates": [
          4.3813428,
          45.4583283
        ]
      },
      "id": "node/5181316734"
    },
    {
      "type": "Feature",
      "properties": {
        "@id": "node/5203774968",
        "name": "Place de la Liberté",
        "place": "square"
      },
      "geometry": {
        "type": "Point",
        "coordinates": [
          4.3671023,
          45.4041178
        ]
      },
      "id": "node/5203774968"
    },
    {
      "type": "Feature",
      "properties": {
        "@id": "node/5204693199",
        "historic": "memorial",
        "memorial": "statue",
        "name": "Statue de Michel Rondet"
      },
      "geometry": {
        "type": "Point",
        "coordinates": [
          4.3662621,
          45.4038813
        ]
      },
      "id": "node/5204693199"
    },
    {
      "type": "Feature",
      "properties": {
        "@id": "node/5413296953",
        "artist_name": "Georges SALENDRE",
        "artwork_type": "statue",
        "name": "Le Fusillé",
        "start_date": "1969",
        "tourism": "artwork",
        "wikidata": "Q61819738"
      },
      "geometry": {
        "type": "Point",
        "coordinates": [
          4.3990484,
          45.4431244
        ]
      },
      "id": "node/5413296953"
    },
    {
      "type": "Feature",
      "properties": {
        "@id": "node/5413296954",
        "artist_name": "Eugène Guillaume",
        "artwork_type": "bust",
        "name": "Buste de Marc Seguin",
        "start_date": "1880",
        "subject:wikidata": "Q732114",
        "subject:wikimedia_commons": "File:Marc_Seguin,_par_Hippolyte_Flandrin.jpg",
        "subject:wikipedia": "fr:Marc Seguin",
        "tourism": "artwork"
      },
      "geometry": {
        "type": "Point",
        "coordinates": [
          4.3992945,
          45.4433745
        ]
      },
      "id": "node/5413296954"
    },
    {
      "type": "Feature",
      "properties": {
        "@id": "node/5418590908",
        "artist_name": "Marcel LAMBERT",
        "artwork_type": "statue",
        "name": "Ouvrier terrassier",
        "start_date": "1904",
        "tourism": "artwork"
      },
      "geometry": {
        "type": "Point",
        "coordinates": [
          4.3872605,
          45.4318144
        ]
      },
      "id": "node/5418590908"
    },
    {
      "type": "Feature",
      "properties": {
        "@id": "node/5418590909",
        "artist_name": "Lecourtier",
        "artwork_type": "statue",
        "name": "Le Coq Gaulois",
        "start_date": "1919",
        "tourism": "artwork"
      },
      "geometry": {
        "type": "Point",
        "coordinates": [
          4.389191,
          45.431595
        ]
      },
      "id": "node/5418590909"
    },
    {
      "type": "Feature",
      "properties": {
        "@id": "node/5418590910",
        "artist_name": "Émile Tournayre",
        "historic": "memorial",
        "memorial": "bust",
        "name": "Monument à la mémoire d'Antoine Durafour",
        "start_date": "1934-09-30"
      },
      "geometry": {
        "type": "Point",
        "coordinates": [
          4.3905662,
          45.4307149
        ]
      },
      "id": "node/5418590910"
    },
    {
      "type": "Feature",
      "properties": {
        "@id": "node/5418590911",
        "artist_name": "Ndary Lo",
        "artwork_type": "statue",
        "description": "L'auteur a été formé à l'École des Beaux Arts de Dakar.",
        "inscription": "Femme nue, femme noire, je chante ta beauté qui passe. Forme que je fixe dans l'éternel avant que le destin jaloux ne te réduise en cendres pour nourrir les racines de la vie.",
        "name": "Les Femmes Noires",
        "start_date": "2005",
        "tourism": "artwork",
        "wikimedia_commons": "Category:Les Femmes Noires de Ndary Lo"
      },
      "geometry": {
        "type": "Point",
        "coordinates": [
          4.3943837,
          45.4150464
        ]
      },
      "id": "node/5418590911"
    },
    {
      "type": "Feature",
      "properties": {
        "@id": "node/5418664149",
        "artist_name": "Pierre Brun",
        "artwork_type": "statue",
        "description": "La statue est installée dans le bassin le 5 août 1949 puis déposée plus tard sur la pelouse.",
        "name": "La Baigneuse",
        "source": "survey;Master Géographies Numériques",
        "start_date": "1949",
        "tourism": "artwork"
      },
      "geometry": {
        "type": "Point",
        "coordinates": [
          4.4154503,
          45.4211089
        ]
      },
      "id": "node/5418664149"
    },
    {
      "type": "Feature",
      "properties": {
        "@id": "node/5418664150",
        "artist_name": "Ervin Patkaï",
        "artwork_type": "sculpture",
        "name": "Une Île Suffisante",
        "start_date": "1974",
        "tourism": "artwork"
      },
      "geometry": {
        "type": "Point",
        "coordinates": [
          4.3974015,
          45.4334065
        ]
      },
      "id": "node/5418664150"
    },
    {
      "type": "Feature",
      "properties": {
        "@id": "node/5418664151",
        "artist_name": "Assan Smati",
        "artwork_type": "statue",
        "name": "Les chevaux bleus",
        "start_date": "2002",
        "tourism": "artwork",
        "wikimedia_commons": "Category:Les Chevaux Bleus d'Assan Smati"
      },
      "geometry": {
        "type": "Point",
        "coordinates": [
          4.4004765,
          45.4427149
        ]
      },
      "id": "node/5418664151"
    },
    {
      "type": "Feature",
      "properties": {
        "@id": "node/5418664153",
        "artist_name": "Jean-Jules Salmson",
        "artwork_type": "statue",
        "description": "L'original en marbre, remarqué par l'impératrice Eugénie au salon de 1865, entre au musée du Louvre le 27 janvier 1926. Aussi connue sous le nom de la Fileuse.",
        "name": "La Dévideuse",
        "start_date": "1993",
        "tourism": "artwork"
      },
      "geometry": {
        "type": "Point",
        "coordinates": [
          4.3937711,
          45.4370476
        ]
      },
      "id": "node/5418664153"
    },
    {
      "type": "Feature",
      "properties": {
        "@id": "node/5418664154",
        "artist_name": "Rémy Jacquier",
        "artwork_type": "sculpture",
        "name": "Pouet",
        "start_date": "2001",
        "tourism": "artwork",
        "wikimedia_commons": "Category:Pouet de Rémi Jacquier"
      },
      "geometry": {
        "type": "Point",
        "coordinates": [
          4.3921718,
          45.4348115
        ]
      },
      "id": "node/5418664154"
    },
    {
      "type": "Feature",
      "properties": {
        "@id": "node/5418664155",
        "artist_name": "Yannick Vey",
        "artwork_type": "sculpture",
        "name": "Les colosses",
        "start_date": "2005",
        "tourism": "artwork",
        "wikimedia_commons": "Category:Les Colosses de Yannick Vey"
      },
      "geometry": {
        "type": "Point",
        "coordinates": [
          4.392446,
          45.4350927
        ]
      },
      "id": "node/5418664155"
    },
    {
      "type": "Feature",
      "properties": {
        "@id": "node/5418664156",
        "artwork_type": "statue",
        "name": "Le Loup",
        "tourism": "artwork"
      },
      "geometry": {
        "type": "Point",
        "coordinates": [
          4.3861616,
          45.4353456
        ]
      },
      "id": "node/5418664156"
    },
    {
      "type": "Feature",
      "properties": {
        "@id": "node/5418664158",
        "artist_name": "Jean-Hugues",
        "artwork_type": "statue",
        "name": "Allégorie à l'armurerie",
        "tourism": "artwork"
      },
      "geometry": {
        "type": "Point",
        "coordinates": [
          4.3864612,
          45.4371088
        ]
      },
      "id": "node/5418664158"
    },
    {
      "type": "Feature",
      "properties": {
        "@id": "node/5418664159",
        "artwork_type": "statue",
        "description": "Œuvre commandée sur le catalogue de la fonderie d'Art du Val d'Osne et réalisée pour cette dernière par la fonderie Durenne à Sommevoire. Asclépios (ou Esculape chez les Romains) est le dieu de la médecine.",
        "name": "Apollon créant Asclépios",
        "tourism": "artwork",
        "wikimedia_commons": "File:Saint Étienne-Hôpital de La Charité-Statue-20110406.jpg"
      },
      "geometry": {
        "type": "Point",
        "coordinates": [
          4.3918276,
          45.4326675
        ]
      },
      "id": "node/5418664159"
    },
    {
      "type": "Feature",
      "properties": {
        "@id": "node/5418664160",
        "artist_name": "Alfred Rochette",
        "historic": "memorial",
        "memorial": "bust",
        "name": "Buste de Geoffroy Guichard",
        "start_date": "1943"
      },
      "geometry": {
        "type": "Point",
        "coordinates": [
          4.389365,
          45.4608877
        ]
      },
      "id": "node/5418664160"
    },
    {
      "type": "Feature",
      "properties": {
        "@id": "node/5418664161",
        "artist_name": "Joanny Durand",
        "description": "Le monument commémoratif aux élèves et professeurs morts dans les combats de 1914-1918 représente quelques grandes pages militaires de l'histoire : Poitiers, La Marne, Valmy...",
        "historic": "memorial",
        "memorial": "stele",
        "name": "Le Mur de Fauriel",
        "start_date": "1922"
      },
      "geometry": {
        "type": "Point",
        "coordinates": [
          4.3932063,
          45.4373507
        ]
      },
      "id": "node/5418664161"
    },
    {
      "type": "Feature",
      "properties": {
        "@id": "node/5418664163",
        "description": "Un premier buste de Jules Janin en bronze a été fondu par les Allemands pendant la Seconde Guerre mondiale. Aujourd'hui, le buste du « Prince de la critique » est en pierre.",
        "historic": "memorial",
        "memorial": "bust",
        "name": "Buste de Jules Janin"
      },
      "geometry": {
        "type": "Point",
        "coordinates": [
          4.3851928,
          45.4477082
        ]
      },
      "id": "node/5418664163"
    },
    {
      "type": "Feature",
      "properties": {
        "@id": "node/5418664164",
        "artwork_type": "statue",
        "name": "Saint-Jean-Baptiste",
        "tourism": "artwork",
        "wikimedia_commons": "Category:Statue de saint Jean-Baptiste (Hôtel Bernou de la Rochetaillée)"
      },
      "geometry": {
        "type": "Point",
        "coordinates": [
          4.3885302,
          45.4369004
        ]
      },
      "id": "node/5418664164"
    },
    {
      "type": "Feature",
      "properties": {
        "@id": "node/5520676909",
        "artist_name": "Albert Louis Chanut",
        "artwork_type": "sculpture",
        "tourism": "artwork"
      },
      "geometry": {
        "type": "Point",
        "coordinates": [
          4.3601801,
          45.4051609
        ]
      },
      "id": "node/5520676909"
    },
    {
      "type": "Feature",
      "properties": {
        "@id": "node/5651706654",
        "artwork_type": "sculpture",
        "tourism": "artwork"
      },
      "geometry": {
        "type": "Point",
        "coordinates": [
          4.3819467,
          45.441409
        ]
      },
      "id": "node/5651706654"
    },
    {
      "type": "Feature",
      "properties": {
        "@id": "node/6086993543",
        "height": "25",
        "historic": "wayside_cross",
        "material": "steel",
        "name": "Croix de Mission"
      },
      "geometry": {
        "type": "Point",
        "coordinates": [
          4.3857485,
          45.4333796
        ]
      },
      "id": "node/6086993543"
    },
    {
      "type": "Feature",
      "properties": {
        "@id": "node/6141245694",
        "artwork_type": "statue",
        "memorial": "statue",
        "name": "Madonne",
        "tourism": "artwork"
      },
      "geometry": {
        "type": "Point",
        "coordinates": [
          4.3784762,
          45.4244748
        ]
      },
      "id": "node/6141245694"
    },
    {
      "type": "Feature",
      "properties": {
        "@id": "node/6150588123",
        "tourism": "artwork"
      },
      "geometry": {
        "type": "Point",
        "coordinates": [
          4.4117608,
          45.4204297
        ]
      },
      "id": "node/6150588123"
    },
    {
      "type": "Feature",
      "properties": {
        "@id": "node/6219017121",
        "artist_name": "Roger-Louis Chavanon",
        "artwork_type": "sculpture",
        "name": "Jean Dasté",
        "tourism": "artwork",
        "wikimedia_commons": "Category:Monument à Jean Dasté (Saint-Étienne)"
      },
      "geometry": {
        "type": "Point",
        "coordinates": [
          4.3804932,
          45.4353756
        ]
      },
      "id": "node/6219017121"
    },
    {
      "type": "Feature",
      "properties": {
        "@id": "node/6359999100",
        "artwork_type": "statue",
        "name": "Madone",
        "tourism": "artwork"
      },
      "geometry": {
        "type": "Point",
        "coordinates": [
          4.3910017,
          45.4876597
        ]
      },
      "id": "node/6359999100"
    },
    {
      "type": "Feature",
      "properties": {
        "@id": "node/6431079092",
        "addr:street": "Rue de la Vierge",
        "amenity": "place_of_worship",
        "religion": "muslim"
      },
      "geometry": {
        "type": "Point",
        "coordinates": [
          4.3830783,
          45.4250546
        ]
      },
      "id": "node/6431079092"
    },
    {
      "type": "Feature",
      "properties": {
        "@id": "node/6512733660",
        "addr:city": "Le Chambon-Feugerolles",
        "addr:postcode": "42500",
        "addr:street": "Vallée de Cotatay",
        "alt_name": "Site Brunon",
        "check_date": "2023-09-14",
        "description": "Centre d'interprétation des usages de l'eau de la vallée du Cotatay",
        "name": "Centre d'interprétation des usages de l'eau de la vallée du Cotatay",
        "tourism": "museum"
      },
      "geometry": {
        "type": "Point",
        "coordinates": [
          4.3588864,
          45.3900907
        ]
      },
      "id": "node/6512733660"
    },
    {
      "type": "Feature",
      "properties": {
        "@id": "node/6512733661",
        "amenity": "place_of_worship",
        "loc_name": "Grotte de Cotatay",
        "name": "Notre-Dame de Cotatay",
        "religion": "christian"
      },
      "geometry": {
        "type": "Point",
        "coordinates": [
          4.3655688,
          45.3900118
        ]
      },
      "id": "node/6512733661"
    },
    {
      "type": "Feature",
      "properties": {
        "@id": "node/6552517824",
        "artwork_type": "sculpture",
        "tourism": "artwork"
      },
      "geometry": {
        "type": "Point",
        "coordinates": [
          4.3818524,
          45.4367119
        ]
      },
      "id": "node/6552517824"
    },
    {
      "type": "Feature",
      "properties": {
        "@id": "node/6575175777",
        "artwork_type": "statue",
        "tourism": "artwork"
      },
      "geometry": {
        "type": "Point",
        "coordinates": [
          4.3868742,
          45.4061859
        ]
      },
      "id": "node/6575175777"
    },
    {
      "type": "Feature",
      "properties": {
        "@id": "node/6743960763",
        "height": "14",
        "man_made": "tower",
        "owner": "TDF",
        "ref:FR:ANFR": "438280",
        "source": "ANFR 08/2019",
        "tower:type": "communication"
      },
      "geometry": {
        "type": "Point",
        "coordinates": [
          4.3956119,
          45.3969143
        ]
      },
      "id": "node/6743960763"
    },
    {
      "type": "Feature",
      "properties": {
        "@id": "node/6743960764",
        "height": "42",
        "man_made": "tower",
        "owner": "Orange Services Fixes",
        "ref:FR:ANFR": "955873",
        "source": "ANFR 08/2019",
        "tower:type": "communication"
      },
      "geometry": {
        "type": "Point",
        "coordinates": [
          4.3958843,
          45.3969105
        ]
      },
      "id": "node/6743960764"
    },
    {
      "type": "Feature",
      "properties": {
        "@id": "node/6767137606",
        "man_made": "tower",
        "tower:type": "communication"
      },
      "geometry": {
        "type": "Point",
        "coordinates": [
          4.3724599,
          45.4346481
        ]
      },
      "id": "node/6767137606"
    },
    {
      "type": "Feature",
      "properties": {
        "@id": "node/6789120821",
        "name": "Saint-Étienne-le-Clapier",
        "official_name": "Saint-Étienne Le Clapier",
        "operator": "SNCF Gares & Connexions",
        "operator:wikidata": "Q3098278",
        "public_transport": "station",
        "railway": "halt",
        "railway:ref": "SEC",
        "ref:FR:sncf:resarail": "FRHHH",
        "train": "yes",
        "uic_ref": "8772617",
        "wheelchair": "yes",
        "wikidata": "Q3097638"
      },
      "geometry": {
        "type": "Point",
        "coordinates": [
          4.378239,
          45.4371102
        ]
      },
      "id": "node/6789120821"
    },
    {
      "type": "Feature",
      "properties": {
        "@id": "node/6983068233",
        "description": "Résistant, député, sénateur",
        "historic": "tomb",
        "name": "Lucien Neuwirth",
        "name:wikidata": "Q3265654",
        "name:wikipedia": "fr:Lucien Neuwirth",
        "source": "Guy Sabatier - http//noms.rues.st.etienne.free.fr – Used with permission"
      },
      "geometry": {
        "type": "Point",
        "coordinates": [
          4.39372,
          45.44377
        ]
      },
      "id": "node/6983068233"
    },
    {
      "type": "Feature",
      "properties": {
        "@id": "node/6983068234",
        "description": "Imprimeur, journaliste, maire, sénateur",
        "historic": "tomb",
        "name": "Louis Soulié",
        "name:wikidata": "Q3263128",
        "name:wikipedia": "fr:Louis Soulié",
        "source": "Guy Sabatier - http//noms.rues.st.etienne.free.fr – Used with permission"
      },
      "geometry": {
        "type": "Point",
        "coordinates": [
          4.391354,
          45.444253
        ]
      },
      "id": "node/6983068234"
    },
    {
      "type": "Feature",
      "properties": {
        "@id": "node/6983068235",
        "description": "Architectes",
        "historic": "tomb",
        "name": "Léon et Marcel Lamaizière",
        "name:wikidata": "Q3271457",
        "name:wikipedia": "fr:Léon et Marcel Lamaizière",
        "source": "Guy Sabatier - http//noms.rues.st.etienne.free.fr – Used with permission"
      },
      "geometry": {
        "type": "Point",
        "coordinates": [
          4.391266,
          45.444448
        ]
      },
      "id": "node/6983068235"
    },
    {
      "type": "Feature",
      "properties": {
        "@id": "node/6983068236",
        "description": "Mécanicien, fabricant de deux-roues",
        "historic": "tomb",
        "name": "Jules Ravat",
        "source": "Guy Sabatier - http//noms.rues.st.etienne.free.fr – Used with permission",
        "subject:wikidata": "Q2326131",
        "subject:wikipedia": "fr:Ravat"
      },
      "geometry": {
        "type": "Point",
        "coordinates": [
          4.392471,
          45.444134
        ]
      },
      "id": "node/6983068236"
    },
    {
      "type": "Feature",
      "properties": {
        "@id": "node/6983068237",
        "description": "Passementier, maire, député",
        "historic": "tomb",
        "name": "Jules Ledin",
        "name:wikidata": "Q16025973",
        "name:wikipedia": "fr:Jules Ledin",
        "source": "Guy Sabatier - http//noms.rues.st.etienne.free.fr – Used with permission"
      },
      "geometry": {
        "type": "Point",
        "coordinates": [
          4.392803,
          45.44402
        ]
      },
      "id": "node/6983068237"
    },
    {
      "type": "Feature",
      "properties": {
        "@id": "node/6983068238",
        "description": "Ingénieur, explorateur",
        "historic": "tomb",
        "name": "Jules Garnier",
        "name:wikidata": "Q3188606",
        "name:wikipedia": "fr:Jules Garnier",
        "source": "Guy Sabatier - http//noms.rues.st.etienne.free.fr – Used with permission"
      },
      "geometry": {
        "type": "Point",
        "coordinates": [
          4.391422,
          45.444251
        ]
      },
      "id": "node/6983068238"
    },
    {
      "type": "Feature",
      "properties": {
        "@id": "node/6983068239",
        "description": "Industriel, maire",
        "historic": "tomb",
        "name": "Jean-Claude Crozet-Boussingault",
        "name:wikidata": "Q3588440",
        "name:wikipedia": "fr:Émile Crozet-Fourneyron",
        "source": "Guy Sabatier - http//noms.rues.st.etienne.free.fr – Used with permission"
      },
      "geometry": {
        "type": "Point",
        "coordinates": [
          4.393709,
          45.443112
        ]
      },
      "id": "node/6983068239"
    },
    {
      "type": "Feature",
      "properties": {
        "@id": "node/6983068240",
        "description": "Administrateur de sociétés, maire",
        "historic": "tomb",
        "name": "Jean Neyret",
        "name:wikidata": "Q8336685",
        "name:wikipedia": "fr:Jean Neyret",
        "source": "Guy Sabatier - http//noms.rues.st.etienne.free.fr – Used with permission"
      },
      "geometry": {
        "type": "Point",
        "coordinates": [
          4.391299,
          45.443904
        ]
      },
      "id": "node/6983068240"
    },
    {
      "type": "Feature",
      "properties": {
        "@id": "node/6983068241",
        "description": "Maître de forges à Unieux",
        "historic": "tomb",
        "name": "Jacob Holtzer",
        "name:wikidata": "Q3157552",
        "name:wikipedia": "fr:Jacob Holtzer",
        "source": "Guy Sabatier - http//noms.rues.st.etienne.free.fr – Used with permission"
      },
      "geometry": {
        "type": "Point",
        "coordinates": [
          4.392608,
          45.442654
        ]
      },
      "id": "node/6983068241"
    },
    {
      "type": "Feature",
      "properties": {
        "@id": "node/6983068242",
        "description": "Fabricant de rubans, maire",
        "historic": "tomb",
        "name": "Hippolyte Royet",
        "name:wikidata": "Q3136123",
        "name:wikipedia": "fr:Hippolyte Royet",
        "source": "Guy Sabatier - http//noms.rues.st.etienne.free.fr – Used with permission"
      },
      "geometry": {
        "type": "Point",
        "coordinates": [
          4.391247,
          45.443377
        ]
      },
      "id": "node/6983068242"
    },
    {
      "type": "Feature",
      "properties": {
        "@id": "node/6983068243",
        "description": "Historien, archéologue, photographe",
        "historic": "tomb",
        "name": "Félix Thiollier",
        "name:wikidata": "Q3092618",
        "name:wikipedia": "fr:Félix Thiollier",
        "source": "Guy Sabatier - http//noms.rues.st.etienne.free.fr – Used with permission"
      },
      "geometry": {
        "type": "Point",
        "coordinates": [
          4.391331,
          45.444104
        ]
      },
      "id": "node/6983068243"
    },
    {
      "type": "Feature",
      "properties": {
        "@id": "node/6983068244",
        "description": "Chimiste",
        "historic": "tomb",
        "name": "Émile Jaboulay",
        "name:wikidata": "Q3588572",
        "name:wikipedia": "fr:Émile Jaboulay",
        "source": "Guy Sabatier - http//noms.rues.st.etienne.free.fr – Used with permission"
      },
      "geometry": {
        "type": "Point",
        "coordinates": [
          4.393727,
          45.44373
        ]
      },
      "id": "node/6983068244"
    },
    {
      "type": "Feature",
      "properties": {
        "@id": "node/6983068245",
        "description": "Fabricant de rubans, humaniste",
        "historic": "tomb",
        "name": "Denis Épitalon",
        "name:wikidata": "Q28839330",
        "name:wikipedia": "fr:Denis Épitalon",
        "source": "Guy Sabatier - http//noms.rues.st.etienne.free.fr – Used with permission"
      },
      "geometry": {
        "type": "Point",
        "coordinates": [
          4.392786,
          45.443163
        ]
      },
      "id": "node/6983068245"
    },
    {
      "type": "Feature",
      "properties": {
        "@id": "node/6983068246",
        "description": "Maire, député, ministre",
        "historic": "tomb",
        "name": "Antoine Durafour",
        "name:wikidata": "Q2853905",
        "name:wikipedia": "fr:Antoine Durafour",
        "source": "Guy Sabatier - http//noms.rues.st.etienne.free.fr – Used with permission"
      },
      "geometry": {
        "type": "Point",
        "coordinates": [
          4.391498,
          45.44371
        ]
      },
      "id": "node/6983068246"
    },
    {
      "type": "Feature",
      "properties": {
        "@id": "node/6983068247",
        "description": "Maire, sénateur, député",
        "historic": "tomb",
        "name": "Alexandre de Fraissinette",
        "name:wikidata": "Q2834174",
        "name:wikipedia": "fr:Alexandre de Fraissinette",
        "source": "Guy Sabatier - http//noms.rues.st.etienne.free.fr – Used with permission"
      },
      "geometry": {
        "type": "Point",
        "coordinates": [
          4.390681,
          45.444546
        ]
      },
      "id": "node/6983068247"
    },
    {
      "type": "Feature",
      "properties": {
        "@id": "node/6983068248",
        "historic": "tomb",
        "name": "À la mémoire de René et Dora Rivière",
        "name:wikidata": "Q52344733",
        "name:wikipedia": "fr:Dora Rivière",
        "source": "Guy Sabatier - http//noms.rues.st.etienne.free.fr – Used with permission"
      },
      "geometry": {
        "type": "Point",
        "coordinates": [
          4.390266,
          45.444626
        ]
      },
      "id": "node/6983068248"
    },
    {
      "type": "Feature",
      "properties": {
        "@id": "node/7049552939",
        "artist_name": "Gilles Roussi",
        "artwork_type": "sculpture",
        "name": "La Liberté Inachevée",
        "tourism": "artwork"
      },
      "geometry": {
        "type": "Point",
        "coordinates": [
          4.3878447,
          45.4491096
        ]
      },
      "id": "node/7049552939"
    },
    {
      "type": "Feature",
      "properties": {
        "@id": "node/7103234628",
        "amenity": "place_of_worship",
        "name": "Aumônerie / Chapelle",
        "religion": "christian"
      },
      "geometry": {
        "type": "Point",
        "coordinates": [
          4.393961,
          45.412075
        ]
      },
      "id": "node/7103234628"
    },
    {
      "type": "Feature",
      "properties": {
        "@id": "node/7335415197",
        "description": "Vue de la ville de Saint-Étienne",
        "direction": "S-W",
        "tourism": "viewpoint"
      },
      "geometry": {
        "type": "Point",
        "coordinates": [
          4.3980329,
          45.4695655
        ]
      },
      "id": "node/7335415197"
    },
    {
      "type": "Feature",
      "properties": {
        "@id": "node/7618202654",
        "tourism": "viewpoint"
      },
      "geometry": {
        "type": "Point",
        "coordinates": [
          4.3980432,
          45.4349189
        ]
      },
      "id": "node/7618202654"
    },
    {
      "type": "Feature",
      "properties": {
        "@id": "node/7618202655",
        "tourism": "viewpoint"
      },
      "geometry": {
        "type": "Point",
        "coordinates": [
          4.3967598,
          45.4328449
        ]
      },
      "id": "node/7618202655"
    },
    {
      "type": "Feature",
      "properties": {
        "@id": "node/7618202656",
        "tourism": "viewpoint"
      },
      "geometry": {
        "type": "Point",
        "coordinates": [
          4.4035117,
          45.4326084
        ]
      },
      "id": "node/7618202656"
    },
    {
      "type": "Feature",
      "properties": {
        "@id": "node/7618202657",
        "tourism": "viewpoint"
      },
      "geometry": {
        "type": "Point",
        "coordinates": [
          4.3731041,
          45.436907
        ]
      },
      "id": "node/7618202657"
    },
    {
      "type": "Feature",
      "properties": {
        "@id": "node/7618202658",
        "tourism": "viewpoint"
      },
      "geometry": {
        "type": "Point",
        "coordinates": [
          4.3801181,
          45.4258891
        ]
      },
      "id": "node/7618202658"
    },
    {
      "type": "Feature",
      "properties": {
        "@id": "node/7618220563",
        "tourism": "viewpoint"
      },
      "geometry": {
        "type": "Point",
        "coordinates": [
          4.3761874,
          45.4783955
        ]
      },
      "id": "node/7618220563"
    },
    {
      "type": "Feature",
      "properties": {
        "@id": "node/7855068714",
        "entrance": "yes",
        "level": "0",
        "railway": "train_station_entrance",
        "wheelchair": "yes",
        "width": "2.25"
      },
      "geometry": {
        "type": "Point",
        "coordinates": [
          4.3926593,
          45.4162661
        ]
      },
      "id": "node/7855068714"
    },
    {
      "type": "Feature",
      "properties": {
        "@id": "node/8085677704",
        "alt_name": "Mosquée Tawba",
        "amenity": "place_of_worship",
        "check_date": "2025-11-05",
        "name": "Association Culturelle l'Ouverture",
        "religion": "muslim"
      },
      "geometry": {
        "type": "Point",
        "coordinates": [
          4.3957684,
          45.44179
        ]
      },
      "id": "node/8085677704"
    },
    {
      "type": "Feature",
      "properties": {
        "@id": "node/8162478988",
        "artist:wikidata": "Q3026955",
        "artist_name": "Chamizo",
        "artwork_type": "painting",
        "name": "Planet Foot",
        "start_date": "1998",
        "tourism": "artwork"
      },
      "geometry": {
        "type": "Point",
        "coordinates": [
          4.3977286,
          45.4464715
        ]
      },
      "id": "node/8162478988"
    },
    {
      "type": "Feature",
      "properties": {
        "@id": "node/8196057887",
        "contact:email": "contact@galeriebertheas.fr",
        "contact:phone": "+33 6 14 75 05 48",
        "contact:website": "https://galeriebertheas.fr/",
        "fee": "no",
        "name": "Galerie Berthéas Les Tournesols",
        "tourism": "gallery"
      },
      "geometry": {
        "type": "Point",
        "coordinates": [
          4.3937923,
          45.4359138
        ]
      },
      "id": "node/8196057887"
    },
    {
      "type": "Feature",
      "properties": {
        "@id": "node/8419994346",
        "tourism": "artwork"
      },
      "geometry": {
        "type": "Point",
        "coordinates": [
          4.3886122,
          45.461829
        ]
      },
      "id": "node/8419994346"
    },
    {
      "type": "Feature",
      "properties": {
        "@id": "node/8419994352",
        "artwork_type": "sculpture",
        "tourism": "artwork"
      },
      "geometry": {
        "type": "Point",
        "coordinates": [
          4.399441,
          45.4424175
        ]
      },
      "id": "node/8419994352"
    },
    {
      "type": "Feature",
      "properties": {
        "@id": "node/8922507263",
        "man_made": "tower",
        "tower:construction": "mast",
        "tower:type": "communication"
      },
      "geometry": {
        "type": "Point",
        "coordinates": [
          4.4018488,
          45.3945667
        ]
      },
      "id": "node/8922507263"
    },
    {
      "type": "Feature",
      "properties": {
        "@id": "node/8954006624",
        "artwork_type": "sculpture",
        "tourism": "artwork"
      },
      "geometry": {
        "type": "Point",
        "coordinates": [
          4.3735327,
          45.4694785
        ]
      },
      "id": "node/8954006624"
    },
    {
      "type": "Feature",
      "properties": {
        "@id": "node/9507652146",
        "check_date": "2024-09-20",
        "historic": "memorial",
        "inscription": "102eme territorial 1914-1918 Champagne Belgique Artois Somme Oise Aisne Paix Hommage à ses morts",
        "material": "stone",
        "memorial": "war_memorial",
        "name": "Monument Au 102ème Territorial"
      },
      "geometry": {
        "type": "Point",
        "coordinates": [
          4.3883108,
          45.4318586
        ]
      },
      "id": "node/9507652146"
    },
    {
      "type": "Feature",
      "properties": {
        "@id": "node/9560282057",
        "man_made": "tower",
        "tower:type": "communication"
      },
      "geometry": {
        "type": "Point",
        "coordinates": [
          4.394781,
          45.457291
        ]
      },
      "id": "node/9560282057"
    },
    {
      "type": "Feature",
      "properties": {
        "@id": "node/9755716167",
        "artist_name": "Jules Dercheu",
        "artwork_type": "statue",
        "material": "bronze",
        "name": "Daphné changée en Lauriers",
        "tourism": "artwork"
      },
      "geometry": {
        "type": "Point",
        "coordinates": [
          4.387003,
          45.4411562
        ]
      },
      "id": "node/9755716167"
    },
    {
      "type": "Feature",
      "properties": {
        "@id": "node/9889906948",
        "historic": "wayside_cross"
      },
      "geometry": {
        "type": "Point",
        "coordinates": [
          4.3675769,
          45.3922582
        ]
      },
      "id": "node/9889906948"
    },
    {
      "type": "Feature",
      "properties": {
        "@id": "node/9901279047",
        "denomination": "catholic",
        "historic": "wayside_cross",
        "inscription": "À la mémoire de Marius et Pierre Bertrand Morts au champ d'honneur Février - Avril 1916",
        "religion": "christian",
        "wikimedia_commons": "File:Croix à Saint-Jean-Bonnefonds en mémoire du champ d'honneur.jpg"
      },
      "geometry": {
        "type": "Point",
        "coordinates": [
          4.4371034,
          45.4606973
        ]
      },
      "id": "node/9901279047"
    },
    {
      "type": "Feature",
      "properties": {
        "@id": "node/10044081127",
        "historic": "memorial",
        "memorial": "war_memorial",
        "ref:FR:MemorialGenWeb": "12957",
        "wikidata": "Q136057564"
      },
      "geometry": {
        "type": "Point",
        "coordinates": [
          4.3782517,
          45.4856252
        ]
      },
      "id": "node/10044081127"
    },
    {
      "type": "Feature",
      "properties": {
        "@id": "node/10044081128",
        "historic": "wayside_cross"
      },
      "geometry": {
        "type": "Point",
        "coordinates": [
          4.3782485,
          45.4855882
        ]
      },
      "id": "node/10044081128"
    },
    {
      "type": "Feature",
      "properties": {
        "@id": "node/10286210978",
        "historic": "memorial",
        "memorial": "war_memorial"
      },
      "geometry": {
        "type": "Point",
        "coordinates": [
          4.4327598,
          45.480705
        ]
      },
      "id": "node/10286210978"
    },
    {
      "type": "Feature",
      "properties": {
        "@id": "node/10286216971",
        "historic": "memorial",
        "inscription": "Hommage à nos morts pour la France 1914-1918 -La ville de LA Ricamarie à ses enfants morts au champ d'honneur 1939-1945 ... aux héros de la Résistance morts pour la liberté et aux victimes du nazisme 1940-1944 ... à ses enfants morts pour la France Afriqu",
        "memorial": "war_memorial",
        "memorial:conflict": "WW1;WW2;Algerian_War",
        "ref:FR:MemorialGenWeb": "13778",
        "wikidata": "Q136058445"
      },
      "geometry": {
        "type": "Point",
        "coordinates": [
          4.3706675,
          45.4049126
        ]
      },
      "id": "node/10286216971"
    },
    {
      "type": "Feature",
      "properties": {
        "@id": "node/10539276974",
        "historic": "memorial",
        "memorial": "war_memorial",
        "name": "Monument aux Morts de Côte Chaude",
        "ref:FR:MemorialGenWeb": "45266",
        "wikidata": "Q136051750"
      },
      "geometry": {
        "type": "Point",
        "coordinates": [
          4.3632791,
          45.4447536
        ]
      },
      "id": "node/10539276974"
    },
    {
      "type": "Feature",
      "properties": {
        "@id": "node/10539651966",
        "historic": "memorial",
        "name": "Monument commémoratif du 38e RI",
        "ref:FR:MemorialGenWeb": "65335"
      },
      "geometry": {
        "type": "Point",
        "coordinates": [
          4.3919371,
          45.4278373
        ]
      },
      "id": "node/10539651966"
    },
    {
      "type": "Feature",
      "properties": {
        "@id": "node/10539651967",
        "historic": "memorial",
        "name": "Monument régimentaire du 38e RI",
        "ref:FR:MemorialGenWeb": "200835"
      },
      "geometry": {
        "type": "Point",
        "coordinates": [
          4.3920167,
          45.4280192
        ]
      },
      "id": "node/10539651967"
    },
    {
      "type": "Feature",
      "properties": {
        "@id": "node/10539796163",
        "historic": "memorial",
        "memorial": "war_memorial",
        "ref:FR:MemorialGenWeb": "22220",
        "wikidata": "Q136073803"
      },
      "geometry": {
        "type": "Point",
        "coordinates": [
          4.3325041,
          45.4475873
        ]
      },
      "id": "node/10539796163"
    },
    {
      "type": "Feature",
      "properties": {
        "@id": "node/10692205394",
        "artist_name": "David Mesguich",
        "artwork_type": "sculpture",
        "material": "steel",
        "name": "La magie de Lucie",
        "tourism": "artwork",
        "website": "https://www.davidmesguich.com/la-magie-de-lucie"
      },
      "geometry": {
        "type": "Point",
        "coordinates": [
          4.4210896,
          45.445466
        ]
      },
      "id": "node/10692205394"
    },
    {
      "type": "Feature",
      "properties": {
        "@id": "node/10811656504",
        "artwork_type": "sculpture",
        "material": "metal",
        "tourism": "artwork",
        "wikimedia_commons": "Category:L'Arbre multi couleurs de Philippe Million"
      },
      "geometry": {
        "type": "Point",
        "coordinates": [
          4.3995536,
          45.4430373
        ]
      },
      "id": "node/10811656504"
    },
    {
      "type": "Feature",
      "properties": {
        "@id": "node/10905855652",
        "artwork_type": "sculpture",
        "loc_name": "Les Pigeons",
        "name": "R du Large",
        "tourism": "artwork",
        "wikimedia_commons": "File:Chavanelle R du large 01.jpg"
      },
      "geometry": {
        "type": "Point",
        "coordinates": [
          4.3925175,
          45.4349379
        ]
      },
      "id": "node/10905855652"
    },
    {
      "type": "Feature",
      "properties": {
        "@id": "node/10905855658",
        "artwork_type": "sculpture",
        "name": "Le Cube Gigogne",
        "tourism": "artwork",
        "wikimedia_commons": "Category:Le Cube Gigogne de Dorothée Noirbent"
      },
      "geometry": {
        "type": "Point",
        "coordinates": [
          4.3924757,
          45.434396
        ]
      },
      "id": "node/10905855658"
    },
    {
      "type": "Feature",
      "properties": {
        "@id": "node/10905855660",
        "artwork_type": "sculpture",
        "name": "Le Cadre",
        "tourism": "artwork"
      },
      "geometry": {
        "type": "Point",
        "coordinates": [
          4.3924008,
          45.4345561
        ]
      },
      "id": "node/10905855660"
    },
    {
      "type": "Feature",
      "properties": {
        "@id": "node/11021823507",
        "historic": "memorial",
        "memorial": "plaque",
        "name": "Espace Ahmed Benchikh"
      },
      "geometry": {
        "type": "Point",
        "coordinates": [
          4.3902458,
          45.4420756
        ]
      },
      "id": "node/11021823507"
    },
    {
      "type": "Feature",
      "properties": {
        "@id": "node/11021823508",
        "artist_name": "Ndary Lo",
        "artwork_type": "painting",
        "name": "Tirailleur",
        "tourism": "artwork"
      },
      "geometry": {
        "type": "Point",
        "coordinates": [
          4.3902654,
          45.4420883
        ]
      },
      "id": "node/11021823508"
    },
    {
      "type": "Feature",
      "properties": {
        "@id": "node/11111307200",
        "contact:phone": "+33 4 77 48 76 27",
        "fee": "no",
        "level": "0",
        "name": "Maison du patrimoine et des lettres",
        "opening_hours": "We-Su 13:30-18:30; Jan 01,May 01,Jul 14,Dec 25 off",
        "tourism": "museum",
        "website": "https://www.saint-etienne.fr/la-maison-du-patrimoine-et-des-lettres"
      },
      "geometry": {
        "type": "Point",
        "coordinates": [
          4.3855998,
          45.4361213
        ]
      },
      "id": "node/11111307200"
    },
    {
      "type": "Feature",
      "properties": {
        "@id": "node/11216236059",
        "historic": "wayside_cross"
      },
      "geometry": {
        "type": "Point",
        "coordinates": [
          4.3318762,
          45.4444754
        ]
      },
      "id": "node/11216236059"
    },
    {
      "type": "Feature",
      "properties": {
        "@id": "node/11216940784",
        "historic": "wayside_cross"
      },
      "geometry": {
        "type": "Point",
        "coordinates": [
          4.3334604,
          45.4458226
        ]
      },
      "id": "node/11216940784"
    },
    {
      "type": "Feature",
      "properties": {
        "@id": "node/11281552699",
        "tourism": "viewpoint"
      },
      "geometry": {
        "type": "Point",
        "coordinates": [
          4.3516032,
          45.4560478
        ]
      },
      "id": "node/11281552699"
    },
    {
      "type": "Feature",
      "properties": {
        "@id": "node/11281552700",
        "tourism": "viewpoint"
      },
      "geometry": {
        "type": "Point",
        "coordinates": [
          4.3479996,
          45.4594788
        ]
      },
      "id": "node/11281552700"
    },
    {
      "type": "Feature",
      "properties": {
        "@id": "node/11296297938",
        "name": "Place Joseph et Jean Bernard",
        "place": "square"
      },
      "geometry": {
        "type": "Point",
        "coordinates": [
          4.3801975,
          45.4620378
        ]
      },
      "id": "node/11296297938"
    },
    {
      "type": "Feature",
      "properties": {
        "@id": "node/11381414101",
        "fee": "yes",
        "name": "Musée de la mine Michel Rondet",
        "tourism": "museum"
      },
      "geometry": {
        "type": "Point",
        "coordinates": [
          4.3659798,
          45.4046977
        ]
      },
      "id": "node/11381414101"
    },
    {
      "type": "Feature",
      "properties": {
        "@id": "node/11386290052",
        "internet_access": "wlan",
        "internet_access:fee": "no",
        "internet_access:operator": "Ville de Saint-Étienne",
        "internet_access:ssid": "SainteWifi",
        "name": "Square Violette",
        "place": "square"
      },
      "geometry": {
        "type": "Point",
        "coordinates": [
          4.3908988,
          45.4368093
        ]
      },
      "id": "node/11386290052"
    },
    {
      "type": "Feature",
      "properties": {
        "@id": "node/11392862488",
        "name": "Placette Lebon",
        "place": "square"
      },
      "geometry": {
        "type": "Point",
        "coordinates": [
          4.3840975,
          45.4513
        ]
      },
      "id": "node/11392862488"
    },
    {
      "type": "Feature",
      "properties": {
        "@id": "node/11395419558",
        "amenity": "place_of_worship",
        "name": "Chapelle des Petites Sœurs des Pauvres",
        "religion": "christian",
        "wikidata": "Q60341617"
      },
      "geometry": {
        "type": "Point",
        "coordinates": [
          4.3795075,
          45.4303213
        ]
      },
      "id": "node/11395419558"
    },
    {
      "type": "Feature",
      "properties": {
        "@id": "node/11407798442",
        "tourism": "viewpoint"
      },
      "geometry": {
        "type": "Point",
        "coordinates": [
          4.422449,
          45.4160502
        ]
      },
      "id": "node/11407798442"
    },
    {
      "type": "Feature",
      "properties": {
        "@id": "node/11407798444",
        "historic": "memorial",
        "memorial": "stele"
      },
      "geometry": {
        "type": "Point",
        "coordinates": [
          4.4174165,
          45.4179814
        ]
      },
      "id": "node/11407798444"
    },
    {
      "type": "Feature",
      "properties": {
        "@id": "node/11438863487",
        "tourism": "viewpoint"
      },
      "geometry": {
        "type": "Point",
        "coordinates": [
          4.4044893,
          45.4342653
        ]
      },
      "id": "node/11438863487"
    },
    {
      "type": "Feature",
      "properties": {
        "@id": "node/11470042632",
        "historic": "wayside_cross"
      },
      "geometry": {
        "type": "Point",
        "coordinates": [
          4.4057576,
          45.4201747
        ]
      },
      "id": "node/11470042632"
    },
    {
      "type": "Feature",
      "properties": {
        "@id": "node/11564854499",
        "tourism": "viewpoint"
      },
      "geometry": {
        "type": "Point",
        "coordinates": [
          4.3683606,
          45.4301512
        ]
      },
      "id": "node/11564854499"
    },
    {
      "type": "Feature",
      "properties": {
        "@id": "node/11587019833",
        "artwork_type": "sculpture",
        "tourism": "artwork"
      },
      "geometry": {
        "type": "Point",
        "coordinates": [
          4.4131257,
          45.4206882
        ]
      },
      "id": "node/11587019833"
    },
    {
      "type": "Feature",
      "properties": {
        "@id": "node/11677321564",
        "historic": "wayside_cross",
        "material": "wood"
      },
      "geometry": {
        "type": "Point",
        "coordinates": [
          4.343452,
          45.3822016
        ]
      },
      "id": "node/11677321564"
    },
    {
      "type": "Feature",
      "properties": {
        "@id": "node/11735086513",
        "historic": "memorial",
        "memorial": "plaque",
        "name": "Parc Joseph Sangueldoce",
        "start_date": "2013-07-05"
      },
      "geometry": {
        "type": "Point",
        "coordinates": [
          4.3780948,
          45.4378823
        ]
      },
      "id": "node/11735086513"
    },
    {
      "type": "Feature",
      "properties": {
        "@id": "node/11748215339",
        "artwork_type": "sculpture",
        "name": "Le pot vert",
        "tourism": "artwork"
      },
      "geometry": {
        "type": "Point",
        "coordinates": [
          4.4102393,
          45.4294503
        ]
      },
      "id": "node/11748215339"
    },
    {
      "type": "Feature",
      "properties": {
        "@id": "node/11757544337",
        "artwork_type": "sculpture",
        "tourism": "artwork"
      },
      "geometry": {
        "type": "Point",
        "coordinates": [
          4.4256291,
          45.4228878
        ]
      },
      "id": "node/11757544337"
    },
    {
      "type": "Feature",
      "properties": {
        "@id": "node/11878831841",
        "artwork_type": "sculpture",
        "check_date": "2024-05-04",
        "name": "Girouette",
        "tourism": "artwork"
      },
      "geometry": {
        "type": "Point",
        "coordinates": [
          4.3918086,
          45.4456747
        ]
      },
      "id": "node/11878831841"
    },
    {
      "type": "Feature",
      "properties": {
        "@id": "node/11878850502",
        "artwork_type": "sculpture",
        "material": "wood",
        "tourism": "artwork"
      },
      "geometry": {
        "type": "Point",
        "coordinates": [
          4.3922314,
          45.4460934
        ]
      },
      "id": "node/11878850502"
    },
    {
      "type": "Feature",
      "properties": {
        "@id": "node/11878850503",
        "artwork_type": "sculpture",
        "material": "wood",
        "tourism": "artwork"
      },
      "geometry": {
        "type": "Point",
        "coordinates": [
          4.392234,
          45.4461404
        ]
      },
      "id": "node/11878850503"
    },
    {
      "type": "Feature",
      "properties": {
        "@id": "node/11878976941",
        "artwork_type": "sculpture",
        "check_date": "2024-05-04",
        "name": "Girouette",
        "tourism": "artwork"
      },
      "geometry": {
        "type": "Point",
        "coordinates": [
          4.3921727,
          45.4459023
        ]
      },
      "id": "node/11878976941"
    },
    {
      "type": "Feature",
      "properties": {
        "@id": "node/11881553092",
        "artwork_type": "painting",
        "check_date": "2024-05-05",
        "direction": "115",
        "height": "3",
        "name": "Le MUR",
        "sides": "1",
        "tourism": "artwork",
        "website": "https://www.lemur.fr/mur/le-mur-de-saint-etienne/",
        "width": "8"
      },
      "geometry": {
        "type": "Point",
        "coordinates": [
          4.3872532,
          45.4342505
        ]
      },
      "id": "node/11881553092"
    },
    {
      "type": "Feature",
      "properties": {
        "@id": "node/11930489843",
        "artwork_type": "mural_painting",
        "tourism": "artwork"
      },
      "geometry": {
        "type": "Point",
        "coordinates": [
          4.3987409,
          45.4453285
        ]
      },
      "id": "node/11930489843"
    },
    {
      "type": "Feature",
      "properties": {
        "@id": "node/11980378359",
        "alt_name": "Monument des Étoiles",
        "artist_name": "Victor Caniato",
        "historic": "memorial",
        "memorial": "sculpture",
        "name": "Monument du Brulé",
        "start_date": "1989",
        "subject:wikidata": "Q3091164"
      },
      "geometry": {
        "type": "Point",
        "coordinates": [
          4.3660214,
          45.4102001
        ]
      },
      "id": "node/11980378359"
    },
    {
      "type": "Feature",
      "properties": {
        "@id": "node/11982492476",
        "historic": "wayside_cross"
      },
      "geometry": {
        "type": "Point",
        "coordinates": [
          4.3682855,
          45.4019349
        ]
      },
      "id": "node/11982492476"
    },
    {
      "type": "Feature",
      "properties": {
        "@id": "node/11988883596",
        "historic": "memorial",
        "ref:FR:MemorialGenWeb": "66223"
      },
      "geometry": {
        "type": "Point",
        "coordinates": [
          4.3349827,
          45.4474064
        ]
      },
      "id": "node/11988883596"
    },
    {
      "type": "Feature",
      "properties": {
        "@id": "node/12010185942",
        "historic": "memorial",
        "name": "Mémoriel en l’honneur de Sandrine Mazel et de Véronique Colombet"
      },
      "geometry": {
        "type": "Point",
        "coordinates": [
          4.393979,
          45.4149203
        ]
      },
      "id": "node/12010185942"
    },
    {
      "type": "Feature",
      "properties": {
        "@id": "node/12010185954",
        "artwork_type": "sculpture",
        "check_date": "2024-06-25",
        "material": "concrete",
        "tourism": "artwork"
      },
      "geometry": {
        "type": "Point",
        "coordinates": [
          4.3936776,
          45.4147186
        ]
      },
      "id": "node/12010185954"
    },
    {
      "type": "Feature",
      "properties": {
        "@id": "node/12010185957",
        "artist_name": "Maxime Bourgeaux;Ghyslain Bertholon",
        "artwork_type": "sculpture",
        "check_date": "2024-06-25",
        "material": "concrete",
        "name": "Le Centre du Monde",
        "start_date": "2001",
        "tourism": "artwork"
      },
      "geometry": {
        "type": "Point",
        "coordinates": [
          4.3937099,
          45.4148285
        ]
      },
      "id": "node/12010185957"
    },
    {
      "type": "Feature",
      "properties": {
        "@id": "node/12010220908",
        "historic": "memorial",
        "inscription": "Hommage aux Traminots",
        "material": "steel"
      },
      "geometry": {
        "type": "Point",
        "coordinates": [
          4.3933664,
          45.4151449
        ]
      },
      "id": "node/12010220908"
    },
    {
      "type": "Feature",
      "properties": {
        "@id": "node/12028817084",
        "historic": "memorial",
        "inscription": "MASSENET COMPOSITEUR de MUSIQUE NAQUIT en CETTE MAISON COMMUNE de MONTAUD RÉUNIE DEPUIS 1855 à la VILLE de StETIENNE 1842-1912",
        "memorial": "plaque",
        "panoramax": "209a539b-6164-4225-b3bc-885c53b4d978",
        "subject:wikidata": "Q194436"
      },
      "geometry": {
        "type": "Point",
        "coordinates": [
          4.3788996,
          45.4666209
        ]
      },
      "id": "node/12028817084"
    },
    {
      "type": "Feature",
      "properties": {
        "@id": "node/12032130796",
        "height": "25",
        "man_made": "chimney",
        "material": "brick"
      },
      "geometry": {
        "type": "Point",
        "coordinates": [
          4.3864551,
          45.4388723
        ]
      },
      "id": "node/12032130796"
    },
    {
      "type": "Feature",
      "properties": {
        "@id": "node/12040219666",
        "artist_name": "Emmanuel Louisgrand",
        "artwork_type": "sculpture",
        "material": "steel",
        "name": "Sculpture Monumentale",
        "tourism": "artwork"
      },
      "geometry": {
        "type": "Point",
        "coordinates": [
          4.393106,
          45.4195125
        ]
      },
      "id": "node/12040219666"
    },
    {
      "type": "Feature",
      "properties": {
        "@id": "node/12071242177",
        "historic": "wayside_cross"
      },
      "geometry": {
        "type": "Point",
        "coordinates": [
          4.3372371,
          45.4445682
        ]
      },
      "id": "node/12071242177"
    },
    {
      "type": "Feature",
      "properties": {
        "@id": "node/12140865811",
        "artist_name": "Ghyslain Bertholon",
        "artwork_type": "sculpture",
        "name": "Rezilientia",
        "start_date": "2024",
        "tourism": "artwork"
      },
      "geometry": {
        "type": "Point",
        "coordinates": [
          4.3882333,
          45.4402629
        ]
      },
      "id": "node/12140865811"
    },
    {
      "type": "Feature",
      "properties": {
        "@id": "node/12140865812",
        "artist_name": "Thomas Goux",
        "artwork_type": "installation",
        "name": "Vergers",
        "start_date": "2024",
        "tourism": "artwork"
      },
      "geometry": {
        "type": "Point",
        "coordinates": [
          4.3885918,
          45.4399392
        ]
      },
      "id": "node/12140865812"
    },
    {
      "type": "Feature",
      "properties": {
        "@id": "node/12162940324",
        "description": "Vierge Marie",
        "historic": "wayside_shrine",
        "inscription": "Je suis l'immaculée conception"
      },
      "geometry": {
        "type": "Point",
        "coordinates": [
          4.4035849,
          45.4510421
        ]
      },
      "id": "node/12162940324"
    },
    {
      "type": "Feature",
      "properties": {
        "@id": "node/12190218805",
        "artwork_type": "mural",
        "tourism": "artwork"
      },
      "geometry": {
        "type": "Point",
        "coordinates": [
          4.3961805,
          45.432014
        ]
      },
      "id": "node/12190218805"
    },
    {
      "type": "Feature",
      "properties": {
        "@id": "node/12325625739",
        "historic": "memorial",
        "inscription": "Aux Héros tombés à La Versanne pour votre liberté et la notre 20-7-1944 - Bohaterom poleglym na Versanne zawolnosc waasza i nasza",
        "memorial": "war_memorial",
        "memorial:conflict": "WW2",
        "name": "Stèle du maquis franco-polonais de La Versanne",
        "source": "survey"
      },
      "geometry": {
        "type": "Point",
        "coordinates": [
          4.3709062,
          45.4035443
        ]
      },
      "id": "node/12325625739"
    },
    {
      "type": "Feature",
      "properties": {
        "@id": "node/12329363199",
        "historic": "memorial",
        "inscription": "MAISON CHOVET-GOUTELLE Armurier du Roy depuis 1747",
        "material": "stone",
        "memorial": "plaque"
      },
      "geometry": {
        "type": "Point",
        "coordinates": [
          4.3917198,
          45.4305974
        ]
      },
      "id": "node/12329363199"
    },
    {
      "type": "Feature",
      "properties": {
        "@id": "node/12345657793",
        "artist_name": "KELLER (Père et fils)",
        "description": "Le monument s'élève au centre d'un triangle sur lequel sont inscrits les trois pays du Maghreb, Algérie, Maroc, Tunisie, et honore les morts de la Loire en Afrique du Nord. A côté, une plaque rend hommage aux rapatriés d'Algérie.",
        "historic": "memorial",
        "memorial": "war_memorial",
        "name": "Monument aux combattants d'Afrique du Nord"
      },
      "geometry": {
        "type": "Point",
        "coordinates": [
          4.3960885,
          45.4397785
        ]
      },
      "id": "node/12345657793"
    },
    {
      "type": "Feature",
      "properties": {
        "@id": "node/12468858253",
        "historic": "memorial",
        "memorial": "stele"
      },
      "geometry": {
        "type": "Point",
        "coordinates": [
          4.3617802,
          45.3996607
        ]
      },
      "id": "node/12468858253"
    },
    {
      "type": "Feature",
      "properties": {
        "@id": "node/12521630305",
        "name": "Surface",
        "ref:FR:SIRET": "49892328300036",
        "tourism": "gallery",
        "website": "https://galeriesurface.wixsite.com/association-surface"
      },
      "geometry": {
        "type": "Point",
        "coordinates": [
          4.3902484,
          45.4331668
        ]
      },
      "id": "node/12521630305"
    },
    {
      "type": "Feature",
      "properties": {
        "@id": "node/12547057620",
        "amenity": "place_of_worship",
        "name": "Église protestante Baptiste",
        "religion": "christian"
      },
      "geometry": {
        "type": "Point",
        "coordinates": [
          4.3802916,
          45.4302184
        ]
      },
      "id": "node/12547057620"
    },
    {
      "type": "Feature",
      "properties": {
        "@id": "node/12560709799",
        "historic": "memorial",
        "memorial": "war_memorial",
        "memorial:conflict": "WW2",
        "name": "Monument aux étudiants de la Loire déportés"
      },
      "geometry": {
        "type": "Point",
        "coordinates": [
          4.3923853,
          45.4275058
        ]
      },
      "id": "node/12560709799"
    },
    {
      "type": "Feature",
      "properties": {
        "@id": "node/12649699401",
        "entrance": "main",
        "level": "0",
        "railway": "train_station_entrance",
        "width": "6.40"
      },
      "geometry": {
        "type": "Point",
        "coordinates": [
          4.3785912,
          45.4369063
        ]
      },
      "id": "node/12649699401"
    },
    {
      "type": "Feature",
      "properties": {
        "@id": "node/12650189526",
        "door": "hinged",
        "entrance": "main",
        "level": "0",
        "railway": "train_station_entrance",
        "wheelchair": "yes",
        "width": "1"
      },
      "geometry": {
        "type": "Point",
        "coordinates": [
          4.3802325,
          45.4644132
        ]
      },
      "id": "node/12650189526"
    },
    {
      "type": "Feature",
      "properties": {
        "@id": "node/12650189527",
        "door": "hinged",
        "entrance": "yes",
        "level": "0",
        "railway": "train_station_entrance",
        "wheelchair": "yes",
        "width": "1"
      },
      "geometry": {
        "type": "Point",
        "coordinates": [
          4.3801057,
          45.4643241
        ]
      },
      "id": "node/12650189527"
    },
    {
      "type": "Feature",
      "properties": {
        "@id": "node/12662727023",
        "entrance": "main",
        "level": "1",
        "railway": "train_station_entrance",
        "wheelchair": "yes",
        "width": "3"
      },
      "geometry": {
        "type": "Point",
        "coordinates": [
          4.3607187,
          45.4040465
        ]
      },
      "id": "node/12662727023"
    },
    {
      "type": "Feature",
      "properties": {
        "@id": "node/12662994813",
        "entrance": "yes",
        "level": "1",
        "railway": "train_station_entrance",
        "wheelchair": "yes",
        "width": "4.60"
      },
      "geometry": {
        "type": "Point",
        "coordinates": [
          4.3609276,
          45.4043148
        ]
      },
      "id": "node/12662994813"
    },
    {
      "type": "Feature",
      "properties": {
        "@id": "node/12662994814",
        "entrance": "yes",
        "level": "1",
        "railway": "train_station_entrance",
        "wheelchair": "yes",
        "width": "3"
      },
      "geometry": {
        "type": "Point",
        "coordinates": [
          4.3610259,
          45.4041898
        ]
      },
      "id": "node/12662994814"
    },
    {
      "type": "Feature",
      "properties": {
        "@id": "node/12696787317",
        "door": "yes",
        "entrance": "main",
        "level": "0",
        "railway": "train_station_entrance",
        "wheelchair": "yes",
        "width": "0.90"
      },
      "geometry": {
        "type": "Point",
        "coordinates": [
          4.3854346,
          45.4469583
        ]
      },
      "id": "node/12696787317"
    },
    {
      "type": "Feature",
      "properties": {
        "@id": "node/12696787357",
        "door": "yes",
        "entrance": "yes",
        "level": "0",
        "railway": "train_station_entrance",
        "wheelchair": "no",
        "width": "0.90"
      },
      "geometry": {
        "type": "Point",
        "coordinates": [
          4.3854624,
          45.4468344
        ]
      },
      "id": "node/12696787357"
    },
    {
      "type": "Feature",
      "properties": {
        "@id": "node/12696787358",
        "door": "yes",
        "entrance": "yes",
        "level": "0",
        "railway": "train_station_entrance",
        "wheelchair": "no",
        "width": "0.90"
      },
      "geometry": {
        "type": "Point",
        "coordinates": [
          4.3854546,
          45.4468142
        ]
      },
      "id": "node/12696787358"
    },
    {
      "type": "Feature",
      "properties": {
        "@id": "node/12752249045",
        "historic": "memorial",
        "memorial": "stele",
        "stele": "khachkar",
        "subject:wikidata": "Q80034",
        "wikimedia_commons": "File:Saint Étienne-Monument en mémoire du génocide arménien-20110223.jpg"
      },
      "geometry": {
        "type": "Point",
        "coordinates": [
          4.3904614,
          45.4322518
        ]
      },
      "id": "node/12752249045"
    },
    {
      "type": "Feature",
      "properties": {
        "@id": "node/12822720864",
        "historic": "boundary_stone",
        "inscription": "Octroi"
      },
      "geometry": {
        "type": "Point",
        "coordinates": [
          4.3951326,
          45.4766775
        ]
      },
      "id": "node/12822720864"
    },
    {
      "type": "Feature",
      "properties": {
        "@id": "node/12922995038",
        "historic": "memorial",
        "memorial": "plaque"
      },
      "geometry": {
        "type": "Point",
        "coordinates": [
          4.4027087,
          45.4481034
        ]
      },
      "id": "node/12922995038"
    },
    {
      "type": "Feature",
      "properties": {
        "@id": "node/13031955604",
        "historic": "memorial",
        "inscription": "Arbre Solidaire « Copain du Monde » Secours Populaire Français Quercus palustruc ou Chêne des marais planté le 30 mars 2019 par M. G. Perdriau, Maire de St-Etienne à l’occasion du 30e anniversaire de la Convention Internationale des Droits de l’Enfant",
        "material": "granite",
        "memorial": "stone"
      },
      "geometry": {
        "type": "Point",
        "coordinates": [
          4.4133837,
          45.4205848
        ]
      },
      "id": "node/13031955604"
    },
    {
      "type": "Feature",
      "properties": {
        "@id": "node/13092244498",
        "historic": "wayside_cross"
      },
      "geometry": {
        "type": "Point",
        "coordinates": [
          4.3367686,
          45.3988916
        ]
      },
      "id": "node/13092244498"
    },
    {
      "type": "Feature",
      "properties": {
        "@id": "node/13098405064",
        "artwork_type": "sculpture",
        "tourism": "artwork"
      },
      "geometry": {
        "type": "Point",
        "coordinates": [
          4.398543,
          45.4220106
        ]
      },
      "id": "node/13098405064"
    },
    {
      "type": "Feature",
      "properties": {
        "@id": "node/13098436721",
        "historic": "wayside_cross"
      },
      "geometry": {
        "type": "Point",
        "coordinates": [
          4.3981535,
          45.4224231
        ]
      },
      "id": "node/13098436721"
    },
    {
      "type": "Feature",
      "properties": {
        "@id": "node/13192107059",
        "historic": "memorial",
        "memorial": "obelisk",
        "ref:FR:MemorialGenWeb": "12974",
        "war_memorial": "yes"
      },
      "geometry": {
        "type": "Point",
        "coordinates": [
          4.3779244,
          45.4768991
        ]
      },
      "id": "node/13192107059"
    },
    {
      "type": "Feature",
      "properties": {
        "@id": "node/13197905084",
        "amenity": "place_of_worship",
        "name": "Mosquée Bilal",
        "religion": "muslim"
      },
      "geometry": {
        "type": "Point",
        "coordinates": [
          4.3836175,
          45.4272418
        ]
      },
      "id": "node/13197905084"
    },
    {
      "type": "Feature",
      "properties": {
        "@id": "node/13458006337",
        "tourism": "viewpoint"
      },
      "geometry": {
        "type": "Point",
        "coordinates": [
          4.399147,
          45.4687672
        ]
      },
      "id": "node/13458006337"
    },
    {
      "type": "Feature",
      "properties": {
        "@id": "node/13525930959",
        "historic": "memorial",
        "inscription": "À Yusupha York jeune papa et compagnon aimant que nous n'oublierons jamais que son souvenir nous rappelle l'importance de la paix et du respect entre tous 15 mars 1995 - 27 mai 2021",
        "memorial": "plaque"
      },
      "geometry": {
        "type": "Point",
        "coordinates": [
          4.4223205,
          45.4219999
        ]
      },
      "id": "node/13525930959"
    },
    {
      "type": "Feature",
      "properties": {
        "@id": "node/13611628014",
        "artwork_type": "sculpture",
        "tourism": "artwork"
      },
      "geometry": {
        "type": "Point",
        "coordinates": [
          4.3961247,
          45.4139289
        ]
      },
      "id": "node/13611628014"
    },
    {
      "type": "Feature",
      "properties": {
        "@id": "node/13689377484",
        "communication:satellite": "yes",
        "man_made": "tower",
        "tower:construction": "dish",
        "tower:type": "communication"
      },
      "geometry": {
        "type": "Point",
        "coordinates": [
          4.3960124,
          45.3971097
        ]
      },
      "id": "node/13689377484"
    },
    {
      "type": "Feature",
      "properties": {
        "@id": "node/13689377485",
        "communication:satellite": "yes",
        "man_made": "tower",
        "tower:construction": "dish",
        "tower:type": "communication"
      },
      "geometry": {
        "type": "Point",
        "coordinates": [
          4.3959796,
          45.3971151
        ]
      },
      "id": "node/13689377485"
    },
    {
      "type": "Feature",
      "properties": {
        "@id": "node/13730464637",
        "tourism": "artwork"
      },
      "geometry": {
        "type": "Point",
        "coordinates": [
          4.3880328,
          45.4516004
        ]
      },
      "id": "node/13730464637"
    },
    {
      "type": "Feature",
      "properties": {
        "@id": "node/13791641544",
        "denomination": "catholic",
        "historic": "wayside_cross",
        "religion": "christian"
      },
      "geometry": {
        "type": "Point",
        "coordinates": [
          4.4141143,
          45.4224276
        ]
      },
      "id": "node/13791641544"
    },
    {
      "type": "Feature",
      "properties": {
        "@id": "node/13796961375",
        "man_made": "chimney"
      },
      "geometry": {
        "type": "Point",
        "coordinates": [
          4.4173513,
          45.4289108
        ]
      },
      "id": "node/13796961375"
    },
    {
      "type": "Feature",
      "properties": {
        "@id": "node/13813790602",
        "historic": "wayside_cross",
        "inscription": "Croix de mission 1898"
      },
      "geometry": {
        "type": "Point",
        "coordinates": [
          4.3778174,
          45.4749375
        ]
      },
      "id": "node/13813790602"
    },
    {
      "type": "Feature",
      "properties": {
        "@id": "node/13953852500",
        "air_conditioning": "yes",
        "fee": "yes",
        "museum": "design",
        "name": "Galerie nationale du design",
        "tourism": "museum",
        "website": "https://www.galerienationaledudesign.fr/"
      },
      "geometry": {
        "type": "Point",
        "coordinates": [
          4.3860247,
          45.4506306
        ]
      },
      "id": "node/13953852500"
    },
    {
      "type": "Feature",
      "properties": {
        "@id": "node/13953856142",
        "name": "Espace Auguste Bossu",
        "place": "square"
      },
      "geometry": {
        "type": "Point",
        "coordinates": [
          4.390579,
          45.450807
        ]
      },
      "id": "node/13953856142"
    },
    {
      "type": "Feature",
      "properties": {
        "@id": "node/13985276472",
        "artist_name": "Benoît Maire",
        "artwork_type": "statue",
        "material": "bronze",
        "name": "Femme qui marche",
        "source": "https://www.univ-st-etienne.fr/fr/tous-les-faits-marquants/annee-2025-2026/zoom-sur-2025-2026/a-fait-son-apparition-sur-le-campus-trefilerie.html",
        "tourism": "artwork"
      },
      "geometry": {
        "type": "Point",
        "coordinates": [
          4.3911699,
          45.4269832
        ]
      },
      "id": "node/13985276472"
    },
    {
      "type": "Feature",
      "properties": {
        "@id": "node/14030482881",
        "tourism": "viewpoint"
      },
      "geometry": {
        "type": "Point",
        "coordinates": [
          4.4049202,
          45.4325506
        ]
      },
      "id": "node/14030482881"
    }
  ]
}